id,time,tag_name,value
4953,2026-05-01 18:20:53,TEMP,0.0
4951,2026-05-01 18:20:48,TEMP,0.0
4949,2026-05-01 18:20:43,TEMP,0.0
4947,2026-05-01 18:20:38,TEMP,0.0
4945,2026-05-01 18:20:33,TEMP,0.0
4943,2026-05-01 18:20:28,TEMP,0.0
4941,2026-05-01 18:20:23,TEMP,0.0
4939,2026-05-01 18:20:17,TEMP,0.0
4937,2026-05-01 18:20:12,TEMP,0.0
4935,2026-05-01 18:20:07,TEMP,0.0
4933,2026-05-01 18:20:02,TEMP,0.0
4931,2026-05-01 18:19:57,TEMP,0.0
4929,2026-05-01 18:19:52,TEMP,0.0
4927,2026-05-01 18:19:47,TEMP,0.0
4925,2026-05-01 18:19:42,TEMP,0.0
4923,2026-05-01 18:19:37,TEMP,0.0
4921,2026-05-01 18:19:32,TEMP,0.0
4919,2026-05-01 18:19:27,TEMP,0.0
4917,2026-05-01 18:12:09,TEMP,0.0
4915,2026-05-01 18:12:04,TEMP,0.0
4913,2026-05-01 18:11:59,TEMP,0.0
4911,2026-05-01 18:10:18,TEMP,0.0
4909,2026-05-01 18:10:13,TEMP,0.0
4907,2026-05-01 18:09:56,TEMP,0.0
4905,2026-05-01 18:09:51,TEMP,0.0
4903,2026-05-01 18:09:45,TEMP,0.0
4901,2026-05-01 18:09:40,TEMP,0.0
4899,2026-05-01 18:09:35,TEMP,0.0
4897,2026-05-01 18:09:30,TEMP,0.0
4895,2026-05-01 18:09:25,TEMP,0.0
4893,2026-05-01 18:09:20,TEMP,0.0
4891,2026-05-01 18:09:15,TEMP,0.0
4889,2026-05-01 18:09:10,TEMP,0.0
4887,2026-05-01 18:09:05,TEMP,0.0
4885,2026-05-01 18:09:00,TEMP,0.0
4883,2026-05-01 18:08:55,TEMP,0.0
4881,2026-05-01 18:08:50,TEMP,0.0
4879,2026-05-01 18:08:45,TEMP,0.0
4877,2026-05-01 18:08:40,TEMP,0.0
4875,2026-05-01 18:08:35,TEMP,0.0
4873,2026-05-01 18:08:30,TEMP,0.0
4871,2026-05-01 18:08:25,TEMP,0.0
4869,2026-05-01 18:08:19,TEMP,0.0
4867,2026-05-01 18:08:14,TEMP,0.0
4865,2026-05-01 18:08:09,TEMP,0.0
4863,2026-05-01 18:08:04,TEMP,0.0
4861,2026-05-01 18:07:59,TEMP,0.0
4859,2026-05-01 18:07:54,TEMP,0.0
4857,2026-05-01 18:07:49,TEMP,0.0
4855,2026-05-01 18:07:44,TEMP,0.0
4853,2026-05-01 18:07:39,TEMP,0.0
4851,2026-05-01 18:07:34,TEMP,0.0
4849,2026-05-01 18:07:29,TEMP,0.0
4847,2026-05-01 18:07:24,TEMP,0.0
4845,2026-05-01 18:07:19,TEMP,0.0
4843,2026-05-01 18:07:14,TEMP,0.0
4841,2026-05-01 18:07:09,TEMP,0.0
4839,2026-05-01 18:07:03,TEMP,0.0
4837,2026-05-01 18:06:58,TEMP,0.0
4835,2026-05-01 18:06:53,TEMP,0.0
4833,2026-05-01 18:06:48,TEMP,0.0
4831,2026-05-01 18:06:43,TEMP,0.0
4829,2026-05-01 18:06:38,TEMP,0.0
4827,2026-05-01 18:06:33,TEMP,0.0
4825,2026-05-01 18:06:28,TEMP,0.0
4823,2026-05-01 18:06:23,TEMP,0.0
4821,2026-05-01 18:01:19,TEMP,0.0
4819,2026-05-01 18:01:14,TEMP,0.0
4817,2026-05-01 18:01:09,TEMP,0.0
4815,2026-05-01 18:01:04,TEMP,0.0
4813,2026-05-01 18:00:59,TEMP,0.0
4811,2026-05-01 18:00:54,TEMP,0.0
4809,2026-05-01 18:00:49,TEMP,0.0
4807,2026-05-01 18:00:43,TEMP,0.0
4805,2026-05-01 18:00:38,TEMP,0.0
4803,2026-05-01 18:00:33,TEMP,0.0
4801,2026-05-01 18:00:28,TEMP,0.0
4799,2026-05-01 18:00:23,TEMP,0.0
4797,2026-05-01 18:00:18,TEMP,0.0
4795,2026-05-01 18:00:13,TEMP,0.0
4793,2026-05-01 18:00:08,TEMP,0.0
4791,2026-05-01 18:00:03,TEMP,0.0
4789,2026-05-01 17:59:58,TEMP,0.0
4787,2026-05-01 17:59:53,TEMP,0.0
4785,2026-05-01 17:59:48,TEMP,0.0
4783,2026-05-01 17:59:43,TEMP,0.0
4781,2026-05-01 17:59:38,TEMP,0.0
4779,2026-05-01 17:59:32,TEMP,0.0
4777,2026-05-01 17:59:27,TEMP,0.0
4775,2026-05-01 17:59:22,TEMP,0.0
4773,2026-05-01 17:59:17,TEMP,0.0
4771,2026-05-01 17:59:12,TEMP,0.0
4769,2026-05-01 17:59:07,TEMP,0.0
4767,2026-05-01 17:59:02,TEMP,0.0
4765,2026-05-01 17:58:57,TEMP,0.0
4763,2026-05-01 17:58:52,TEMP,0.0
4761,2026-05-01 17:58:47,TEMP,0.0
4759,2026-05-01 17:58:42,TEMP,0.0
4757,2026-05-01 17:58:37,TEMP,0.0
4755,2026-05-01 17:58:32,TEMP,0.0
4753,2026-05-01 17:58:27,TEMP,0.0
4751,2026-05-01 17:58:22,TEMP,0.0
4749,2026-05-01 17:58:16,TEMP,0.0
4747,2026-05-01 17:58:11,TEMP,0.0
4745,2026-05-01 17:58:06,TEMP,0.0
4743,2026-05-01 17:58:01,TEMP,0.0
4741,2026-05-01 17:57:56,TEMP,0.0
4739,2026-05-01 17:57:51,TEMP,0.0
4737,2026-05-01 17:57:46,TEMP,0.0
4735,2026-05-01 17:57:41,TEMP,0.0
4733,2026-05-01 17:57:36,TEMP,0.0
4731,2026-05-01 17:57:31,TEMP,0.0
4729,2026-05-01 17:57:26,TEMP,0.0
4727,2026-05-01 17:57:21,TEMP,0.0
4725,2026-05-01 17:57:16,TEMP,0.0
4723,2026-05-01 17:57:11,TEMP,0.0
4721,2026-05-01 17:57:06,TEMP,0.0
4719,2026-05-01 17:57:01,TEMP,0.0
4717,2026-05-01 17:56:56,TEMP,0.0
4715,2026-05-01 17:56:51,TEMP,0.0
4713,2026-05-01 17:56:46,TEMP,0.0
4711,2026-05-01 17:56:40,TEMP,0.0
4709,2026-05-01 17:56:35,TEMP,0.0
4707,2026-05-01 17:56:30,TEMP,0.0
4705,2026-05-01 17:56:25,TEMP,0.0
4703,2026-05-01 17:56:20,TEMP,0.0
4701,2026-05-01 17:56:15,TEMP,0.0
4699,2026-05-01 17:56:10,TEMP,0.0
4697,2026-05-01 17:56:05,TEMP,0.0
4695,2026-05-01 17:56:00,TEMP,0.0
4693,2026-05-01 17:55:55,TEMP,0.0
4691,2026-05-01 17:55:50,TEMP,0.0
4689,2026-05-01 17:55:45,TEMP,0.0
4687,2026-05-01 17:55:40,TEMP,0.0
4685,2026-05-01 17:55:35,TEMP,0.0
4683,2026-05-01 17:55:30,TEMP,0.0
4681,2026-05-01 17:55:24,TEMP,0.0
4679,2026-05-01 17:55:19,TEMP,0.0
4677,2026-05-01 17:55:14,TEMP,0.0
4675,2026-05-01 17:55:09,TEMP,0.0
4673,2026-05-01 17:55:04,TEMP,0.0
4671,2026-05-01 17:54:59,TEMP,0.0
4669,2026-05-01 17:54:54,TEMP,0.0
4667,2026-05-01 17:54:49,TEMP,0.0
4665,2026-05-01 17:54:44,TEMP,0.0
4663,2026-05-01 17:54:39,TEMP,0.0
4661,2026-05-01 17:54:34,TEMP,0.0
4659,2026-05-01 17:54:29,TEMP,0.0
4657,2026-05-01 17:54:24,TEMP,0.0
4655,2026-05-01 17:54:19,TEMP,0.0
4653,2026-05-01 17:54:14,TEMP,0.0
4651,2026-05-01 17:54:09,TEMP,0.0
4649,2026-05-01 17:54:04,TEMP,0.0
4647,2026-05-01 17:53:58,TEMP,0.0
4645,2026-05-01 17:53:53,TEMP,0.0
4643,2026-05-01 17:53:48,TEMP,0.0
4641,2026-05-01 17:53:43,TEMP,0.0
4639,2026-05-01 17:53:38,TEMP,0.0
4637,2026-05-01 17:53:33,TEMP,0.0
4635,2026-05-01 17:53:28,TEMP,0.0
4633,2026-05-01 17:53:23,TEMP,0.0
4631,2026-05-01 17:53:18,TEMP,0.0
4629,2026-05-01 17:53:13,TEMP,0.0
4627,2026-05-01 17:53:08,TEMP,0.0
4625,2026-05-01 17:53:03,TEMP,0.0
4623,2026-05-01 17:52:57,TEMP,0.0
4621,2026-05-01 17:52:52,TEMP,0.0
4619,2026-05-01 17:52:47,TEMP,0.0
4617,2026-05-01 17:52:42,TEMP,0.0
4615,2026-05-01 17:52:37,TEMP,0.0
4613,2026-05-01 17:52:32,TEMP,0.0
4611,2026-05-01 17:52:27,TEMP,0.0
4609,2026-05-01 17:52:22,TEMP,0.0
4607,2026-05-01 17:52:17,TEMP,0.0
4605,2026-05-01 17:52:12,TEMP,0.0
4603,2026-05-01 17:52:07,TEMP,0.0
4601,2026-05-01 17:52:02,TEMP,0.0
4599,2026-05-01 17:51:56,TEMP,0.0
4597,2026-05-01 17:51:51,TEMP,0.0
4595,2026-05-01 17:51:46,TEMP,0.0
4593,2026-05-01 17:51:41,TEMP,0.0
4591,2026-05-01 17:51:36,TEMP,0.0
4589,2026-05-01 17:51:31,TEMP,0.0
4587,2026-05-01 17:51:26,TEMP,0.0
4585,2026-05-01 17:51:21,TEMP,0.0
4583,2026-05-01 17:51:16,TEMP,0.0
4581,2026-05-01 17:51:11,TEMP,0.0
4579,2026-05-01 17:51:06,TEMP,0.0
4577,2026-05-01 17:51:01,TEMP,0.0
4575,2026-05-01 17:50:56,TEMP,0.0
4573,2026-05-01 17:50:51,TEMP,0.0
4571,2026-05-01 17:50:46,TEMP,0.0
4569,2026-05-01 17:50:41,TEMP,0.0
4567,2026-05-01 17:50:36,TEMP,0.0
4565,2026-05-01 17:50:30,TEMP,0.0
4563,2026-05-01 17:50:25,TEMP,0.0
4561,2026-05-01 17:50:20,TEMP,0.0
4559,2026-05-01 17:50:15,TEMP,0.0
4557,2026-05-01 17:50:10,TEMP,0.0
4555,2026-05-01 17:50:05,TEMP,0.0
4553,2026-05-01 17:50:00,TEMP,0.0
4551,2026-05-01 17:49:55,TEMP,0.0
4549,2026-05-01 17:49:50,TEMP,0.0
4547,2026-05-01 17:49:45,TEMP,0.0
4545,2026-05-01 17:49:40,TEMP,0.0
4543,2026-05-01 17:49:35,TEMP,0.0
4541,2026-05-01 17:49:29,TEMP,0.0
4539,2026-05-01 17:49:24,TEMP,0.0
4537,2026-05-01 17:49:19,TEMP,0.0
4535,2026-05-01 17:49:14,TEMP,0.0
4533,2026-05-01 17:49:09,TEMP,0.0
4531,2026-05-01 17:49:04,TEMP,0.0
4529,2026-05-01 17:48:59,TEMP,0.0
4527,2026-05-01 17:48:54,TEMP,0.0
4525,2026-05-01 17:48:49,TEMP,0.0
4523,2026-05-01 17:48:44,TEMP,0.0
4521,2026-05-01 17:48:39,TEMP,0.0
4519,2026-05-01 17:48:34,TEMP,0.0
4517,2026-05-01 17:48:29,TEMP,0.0
4515,2026-05-01 17:48:24,TEMP,0.0
4513,2026-05-01 17:48:19,TEMP,0.0
4511,2026-05-01 17:48:14,TEMP,0.0
4509,2026-05-01 17:48:08,TEMP,0.0
4507,2026-05-01 17:48:03,TEMP,0.0
4505,2026-05-01 17:47:58,TEMP,0.0
4503,2026-05-01 17:47:53,TEMP,0.0
4501,2026-05-01 17:47:48,TEMP,0.0
4499,2026-05-01 17:47:43,TEMP,0.0
4497,2026-05-01 17:47:38,TEMP,0.0
4495,2026-05-01 17:47:33,TEMP,0.0
4493,2026-05-01 17:47:28,TEMP,0.0
4491,2026-05-01 17:47:23,TEMP,0.0
4489,2026-05-01 17:47:18,TEMP,0.0
4487,2026-05-01 17:47:13,TEMP,0.0
4485,2026-05-01 17:47:08,TEMP,0.0
4483,2026-05-01 17:47:03,TEMP,0.0
4481,2026-05-01 17:46:58,TEMP,0.0
4479,2026-05-01 17:46:53,TEMP,0.0
4477,2026-05-01 17:46:48,TEMP,0.0
4475,2026-05-01 17:46:43,TEMP,0.0
4473,2026-05-01 17:46:38,TEMP,0.0
4471,2026-05-01 17:46:32,TEMP,0.0
4469,2026-05-01 17:46:27,TEMP,0.0
4467,2026-05-01 17:46:22,TEMP,0.0
4465,2026-05-01 17:46:17,TEMP,0.0
4463,2026-05-01 17:46:12,TEMP,0.0
4461,2026-05-01 17:46:07,TEMP,0.0
4459,2026-05-01 17:46:02,TEMP,0.0
4457,2026-05-01 17:45:57,TEMP,0.0
4455,2026-05-01 17:45:52,TEMP,0.0
4453,2026-05-01 17:45:47,TEMP,0.0
4451,2026-05-01 17:45:42,TEMP,0.0
4449,2026-05-01 17:45:37,TEMP,0.0
4447,2026-05-01 17:45:32,TEMP,0.0
4445,2026-05-01 17:45:27,TEMP,0.0
4443,2026-05-01 17:45:21,TEMP,0.0
4441,2026-05-01 17:45:16,TEMP,0.0
4439,2026-05-01 17:45:11,TEMP,0.0
4437,2026-05-01 17:45:06,TEMP,0.0
4435,2026-05-01 17:45:01,TEMP,0.0
4433,2026-05-01 17:44:56,TEMP,0.0
4431,2026-05-01 17:44:51,TEMP,0.0
4429,2026-05-01 17:44:46,TEMP,0.0
4427,2026-05-01 17:44:41,TEMP,0.0
4425,2026-05-01 17:44:36,TEMP,0.0
4423,2026-05-01 17:44:31,TEMP,0.0
4421,2026-05-01 17:44:25,TEMP,0.0
4419,2026-05-01 17:44:20,TEMP,0.0
4417,2026-05-01 17:44:15,TEMP,0.0
4415,2026-05-01 17:44:10,TEMP,0.0
4413,2026-05-01 17:44:05,TEMP,0.0
4411,2026-05-01 17:44:00,TEMP,0.0
4409,2026-05-01 17:43:55,TEMP,0.0
4407,2026-05-01 17:43:50,TEMP,0.0
4405,2026-05-01 17:43:45,TEMP,0.0
4403,2026-05-01 17:43:40,TEMP,0.0
4401,2026-05-01 17:43:35,TEMP,0.0
4399,2026-05-01 17:43:29,TEMP,0.0
4397,2026-05-01 17:43:24,TEMP,0.0
4395,2026-05-01 17:43:19,TEMP,0.0
4393,2026-05-01 17:43:14,TEMP,0.0
4391,2026-05-01 17:43:09,TEMP,0.0
4389,2026-05-01 17:43:04,TEMP,0.0
4387,2026-05-01 17:42:59,TEMP,0.0
4385,2026-05-01 17:42:54,TEMP,0.0
4383,2026-05-01 17:42:49,TEMP,0.0
4381,2026-05-01 17:42:44,TEMP,0.0
4379,2026-05-01 17:42:39,TEMP,0.0
4377,2026-05-01 17:42:34,TEMP,0.0
4375,2026-05-01 17:42:29,TEMP,0.0
4373,2026-05-01 17:42:23,TEMP,0.0
4371,2026-05-01 17:42:18,TEMP,0.0
4369,2026-05-01 17:42:13,TEMP,0.0
4367,2026-05-01 17:42:08,TEMP,0.0
4365,2026-05-01 17:42:03,TEMP,0.0
4363,2026-05-01 17:41:58,TEMP,0.0
4361,2026-05-01 17:41:53,TEMP,0.0
4359,2026-05-01 17:41:48,TEMP,0.0
4357,2026-05-01 17:41:43,TEMP,0.0
4355,2026-05-01 17:41:38,TEMP,0.0
4353,2026-05-01 17:41:33,TEMP,0.0
4351,2026-05-01 17:41:28,TEMP,0.0
4349,2026-05-01 17:41:23,TEMP,0.0
4347,2026-05-01 17:41:18,TEMP,0.0
4345,2026-05-01 17:41:13,TEMP,0.0
4343,2026-05-01 17:41:08,TEMP,0.0
4341,2026-05-01 17:41:03,TEMP,0.0
4339,2026-05-01 17:40:58,TEMP,0.0
4337,2026-05-01 17:40:53,TEMP,0.0
4335,2026-05-01 17:40:48,TEMP,0.0
4333,2026-05-01 17:40:42,TEMP,0.0
4331,2026-05-01 17:40:37,TEMP,0.0
4329,2026-05-01 17:40:32,TEMP,0.0
4327,2026-05-01 17:40:27,TEMP,0.0
4325,2026-05-01 17:40:22,TEMP,0.0
4323,2026-05-01 17:40:17,TEMP,0.0
4321,2026-05-01 17:40:12,TEMP,0.0
4319,2026-05-01 17:40:07,TEMP,0.0
4317,2026-05-01 17:40:02,TEMP,0.0
4315,2026-05-01 17:39:57,TEMP,0.0
4313,2026-05-01 17:39:52,TEMP,0.0
4311,2026-05-01 17:39:47,TEMP,0.0
4309,2026-05-01 17:39:42,TEMP,0.0
4307,2026-05-01 17:39:37,TEMP,0.0
4305,2026-05-01 17:39:32,TEMP,0.0
4303,2026-05-01 17:39:27,TEMP,0.0
4301,2026-05-01 17:39:22,TEMP,0.0
4299,2026-05-01 17:39:17,TEMP,0.0
4297,2026-05-01 17:39:11,TEMP,0.0
4295,2026-05-01 17:39:06,TEMP,0.0
4293,2026-05-01 17:39:01,TEMP,0.0
4291,2026-05-01 17:38:56,TEMP,0.0
4289,2026-05-01 17:38:51,TEMP,0.0
4287,2026-05-01 17:38:46,TEMP,0.0
4285,2026-05-01 17:38:41,TEMP,0.0
4283,2026-05-01 17:38:36,TEMP,0.0
4281,2026-05-01 17:38:31,TEMP,0.0
4279,2026-05-01 17:38:26,TEMP,0.0
4277,2026-05-01 17:38:21,TEMP,0.0
4275,2026-05-01 17:38:16,TEMP,0.0
4273,2026-05-01 17:38:11,TEMP,0.0
4271,2026-05-01 17:38:06,TEMP,0.0
4269,2026-05-01 17:38:01,TEMP,0.0
4267,2026-05-01 17:37:56,TEMP,0.0
4265,2026-05-01 17:37:50,TEMP,0.0
4263,2026-05-01 17:37:45,TEMP,0.0
4261,2026-05-01 17:37:40,TEMP,0.0
4259,2026-05-01 17:37:35,TEMP,0.0
4257,2026-05-01 17:37:30,TEMP,0.0
4255,2026-05-01 17:37:25,TEMP,0.0
4253,2026-05-01 17:37:20,TEMP,0.0
4251,2026-05-01 17:37:15,TEMP,0.0
4249,2026-05-01 17:37:10,TEMP,0.0
4247,2026-05-01 17:37:05,TEMP,0.0
4245,2026-05-01 17:37:00,TEMP,0.0
4243,2026-05-01 17:36:55,TEMP,0.0
4241,2026-05-01 17:36:50,TEMP,0.0
4239,2026-05-01 17:36:45,TEMP,0.0
4237,2026-05-01 17:36:40,TEMP,0.0
4235,2026-05-01 17:36:35,TEMP,0.0
4233,2026-05-01 17:36:30,TEMP,0.0
4231,2026-05-01 17:36:25,TEMP,0.0
4229,2026-05-01 17:36:19,TEMP,0.0
4227,2026-05-01 17:36:14,TEMP,0.0
4225,2026-05-01 17:36:09,TEMP,0.0
4223,2026-05-01 17:36:04,TEMP,0.0
4221,2026-05-01 17:35:59,TEMP,0.0
4219,2026-05-01 17:35:54,TEMP,0.0
4217,2026-05-01 17:35:49,TEMP,0.0
4215,2026-05-01 17:35:44,TEMP,0.0
4213,2026-05-01 17:35:39,TEMP,0.0
4211,2026-05-01 17:35:34,TEMP,0.0
4209,2026-05-01 17:35:29,TEMP,0.0
4207,2026-05-01 17:35:24,TEMP,0.0
4205,2026-05-01 17:35:19,TEMP,0.0
4203,2026-05-01 17:35:14,TEMP,0.0
4201,2026-05-01 17:35:09,TEMP,0.0
4199,2026-05-01 17:35:04,TEMP,0.0
4197,2026-05-01 17:34:59,TEMP,0.0
4195,2026-05-01 17:34:54,TEMP,0.0
4193,2026-05-01 17:34:48,TEMP,0.0
4191,2026-05-01 17:34:43,TEMP,0.0
4189,2026-05-01 17:34:38,TEMP,0.0
4187,2026-05-01 17:34:33,TEMP,0.0
4185,2026-05-01 17:34:28,TEMP,0.0
4183,2026-05-01 17:34:23,TEMP,0.0
4181,2026-05-01 17:34:18,TEMP,0.0
4179,2026-05-01 17:34:13,TEMP,0.0
4177,2026-05-01 17:34:08,TEMP,0.0
4175,2026-05-01 17:34:03,TEMP,0.0
4173,2026-05-01 17:33:58,TEMP,0.0
4171,2026-05-01 17:33:53,TEMP,0.0
4169,2026-05-01 17:33:36,TEMP,0.0
4167,2026-05-01 17:33:31,TEMP,0.0
4165,2026-05-01 17:33:26,TEMP,0.0
4163,2026-05-01 17:33:21,TEMP,0.0
4161,2026-05-01 17:33:16,TEMP,0.0
4159,2026-05-01 17:33:11,TEMP,0.0
4157,2026-05-01 17:33:06,TEMP,0.0
4155,2026-05-01 17:33:01,TEMP,0.0
4153,2026-05-01 17:32:55,TEMP,0.0
4151,2026-05-01 17:32:50,TEMP,0.0
4149,2026-05-01 17:32:45,TEMP,0.0
4147,2026-05-01 17:32:40,TEMP,0.0
4145,2026-05-01 17:32:35,TEMP,0.0
4143,2026-05-01 17:32:30,TEMP,0.0
4141,2026-05-01 17:32:25,TEMP,0.0
4139,2026-05-01 17:32:20,TEMP,0.0
4137,2026-05-01 17:32:15,TEMP,0.0
4135,2026-05-01 17:32:10,TEMP,0.0
4133,2026-05-01 17:32:05,TEMP,0.0
4131,2026-05-01 17:32:00,TEMP,0.0
4129,2026-05-01 17:31:55,TEMP,0.0
4127,2026-05-01 17:31:49,TEMP,0.0
4125,2026-05-01 17:31:44,TEMP,0.0
4123,2026-05-01 17:31:39,TEMP,0.0
4121,2026-05-01 17:31:34,TEMP,0.0
4119,2026-05-01 17:31:29,TEMP,0.0
4117,2026-05-01 17:31:24,TEMP,0.0
4115,2026-05-01 17:31:19,TEMP,0.0
4113,2026-05-01 17:31:14,TEMP,0.0
4111,2026-05-01 17:31:09,TEMP,0.0
4109,2026-05-01 17:31:04,TEMP,0.0
4107,2026-05-01 17:30:59,TEMP,0.0
4105,2026-05-01 17:30:54,TEMP,0.0
4103,2026-05-01 17:30:49,TEMP,0.0
4101,2026-05-01 17:30:44,TEMP,0.0
4099,2026-05-01 17:30:39,TEMP,0.0
4097,2026-05-01 17:30:33,TEMP,0.0
4095,2026-05-01 17:30:28,TEMP,0.0
4093,2026-05-01 17:30:23,TEMP,0.0
4091,2026-05-01 17:30:18,TEMP,0.0
4089,2026-05-01 17:30:13,TEMP,0.0
4087,2026-05-01 17:30:08,TEMP,0.0
4085,2026-05-01 17:30:03,TEMP,0.0
4083,2026-05-01 17:29:58,TEMP,0.0
4081,2026-05-01 17:29:53,TEMP,0.0
4079,2026-05-01 17:29:48,TEMP,0.0
4077,2026-05-01 17:29:43,TEMP,0.0
4075,2026-05-01 17:29:38,TEMP,0.0
4073,2026-05-01 17:29:33,TEMP,0.0
4071,2026-05-01 17:29:28,TEMP,0.0
4069,2026-05-01 17:29:23,TEMP,0.0
4067,2026-05-01 17:29:17,TEMP,0.0
4065,2026-05-01 17:29:12,TEMP,0.0
4063,2026-05-01 17:29:07,TEMP,0.0
4061,2026-05-01 17:29:02,TEMP,0.0
4059,2026-05-01 17:28:57,TEMP,0.0
4057,2026-05-01 17:28:52,TEMP,0.0
4055,2026-05-01 17:28:47,TEMP,0.0
4053,2026-05-01 17:28:42,TEMP,0.0
4051,2026-05-01 17:28:37,TEMP,0.0
4049,2026-05-01 17:28:32,TEMP,0.0
4047,2026-05-01 17:28:27,TEMP,0.0
4045,2026-05-01 17:28:22,TEMP,0.0
4043,2026-05-01 17:28:08,TEMP,0.0
4041,2026-05-01 17:28:03,TEMP,0.0
4039,2026-05-01 17:27:57,TEMP,0.0
4037,2026-05-01 17:27:52,TEMP,0.0
4035,2026-05-01 17:27:47,TEMP,0.0
4033,2026-05-01 17:27:42,TEMP,0.0
4031,2026-05-01 17:27:37,TEMP,0.0
4029,2026-05-01 17:27:32,TEMP,0.0
4027,2026-05-01 17:27:27,TEMP,0.0
4025,2026-05-01 17:27:22,TEMP,0.0
4023,2026-05-01 17:27:17,TEMP,0.0
4021,2026-05-01 17:27:12,TEMP,0.0
4019,2026-05-01 17:26:58,TEMP,0.0
4017,2026-05-01 17:26:53,TEMP,0.0
4015,2026-05-01 17:26:48,TEMP,0.0
4013,2026-05-01 17:26:43,TEMP,0.0
4011,2026-05-01 17:26:38,TEMP,0.0
4009,2026-05-01 17:26:33,TEMP,0.0
4007,2026-05-01 17:26:28,TEMP,0.0
4005,2026-05-01 17:26:23,TEMP,0.0
4003,2026-05-01 17:26:17,TEMP,0.0
4001,2026-05-01 17:26:12,TEMP,0.0
3999,2026-05-01 17:26:07,TEMP,0.0
3997,2026-05-01 17:26:02,TEMP,0.0
3995,2026-05-01 17:25:57,TEMP,0.0
3993,2026-05-01 17:25:52,TEMP,0.0
3991,2026-05-01 17:25:47,TEMP,0.0
3989,2026-05-01 17:25:42,TEMP,0.0
3987,2026-05-01 17:25:37,TEMP,0.0
3985,2026-05-01 17:25:32,TEMP,0.0
3983,2026-05-01 17:25:27,TEMP,0.0
3981,2026-05-01 17:25:22,TEMP,0.0
3979,2026-05-01 17:25:17,TEMP,0.0
3977,2026-05-01 17:25:12,TEMP,0.0
3975,2026-05-01 17:25:07,TEMP,0.0
3973,2026-05-01 17:25:01,TEMP,0.0
3971,2026-05-01 17:24:56,TEMP,0.0
3969,2026-05-01 17:24:51,TEMP,0.0
3967,2026-05-01 17:24:46,TEMP,0.0
3965,2026-05-01 17:24:41,TEMP,0.0
3963,2026-05-01 17:24:36,TEMP,0.0
3961,2026-05-01 17:24:31,TEMP,0.0
3959,2026-05-01 17:24:26,TEMP,0.0
3957,2026-05-01 17:24:21,TEMP,0.0
3955,2026-05-01 17:24:16,TEMP,0.0
3953,2026-05-01 17:24:11,TEMP,0.0
3951,2026-05-01 17:24:00,TEMP,0.0
3949,2026-05-01 17:23:55,TEMP,0.0
3947,2026-05-01 17:23:50,TEMP,0.0
3945,2026-05-01 17:23:45,TEMP,0.0
3943,2026-05-01 17:23:40,TEMP,0.0
3941,2026-05-01 17:23:35,TEMP,0.0
3939,2026-05-01 17:23:30,TEMP,0.0
3937,2026-05-01 17:23:25,TEMP,0.0
3935,2026-05-01 17:23:20,TEMP,0.0
3933,2026-05-01 17:23:15,TEMP,0.0
3931,2026-05-01 17:23:10,TEMP,0.0
3929,2026-05-01 17:23:05,TEMP,0.0
3927,2026-05-01 17:23:00,TEMP,0.0
3925,2026-05-01 17:22:54,TEMP,0.0
3923,2026-05-01 17:22:49,TEMP,0.0
3921,2026-05-01 17:22:44,TEMP,0.0
3919,2026-05-01 17:22:39,TEMP,0.0
3917,2026-05-01 17:22:34,TEMP,0.0
3915,2026-05-01 17:22:29,TEMP,0.0
3913,2026-05-01 17:22:24,TEMP,0.0
3911,2026-05-01 17:22:19,TEMP,0.0
3909,2026-05-01 17:22:14,TEMP,0.0
3907,2026-05-01 17:22:09,TEMP,0.0
3905,2026-05-01 17:22:04,TEMP,0.0
3903,2026-05-01 17:21:59,TEMP,0.0
3901,2026-05-01 17:21:54,TEMP,0.0
3899,2026-05-01 17:21:49,TEMP,0.0
3897,2026-05-01 17:21:44,TEMP,0.0
3895,2026-05-01 17:21:39,TEMP,0.0
3893,2026-05-01 17:21:34,TEMP,0.0
3891,2026-05-01 17:21:29,TEMP,0.0
3889,2026-05-01 17:21:24,TEMP,0.0
3887,2026-05-01 17:21:18,TEMP,0.0
3885,2026-05-01 17:21:13,TEMP,0.0
3883,2026-05-01 17:21:08,TEMP,0.0
3881,2026-05-01 17:21:03,TEMP,0.0
3879,2026-05-01 17:20:58,TEMP,0.0
3877,2026-05-01 17:20:53,TEMP,0.0
3875,2026-05-01 17:20:48,TEMP,0.0
3873,2026-05-01 17:20:43,TEMP,0.0
3871,2026-05-01 17:20:38,TEMP,0.0
3869,2026-05-01 17:20:33,TEMP,0.0
3867,2026-05-01 17:20:28,TEMP,0.0
3865,2026-05-01 17:20:23,TEMP,0.0
3863,2026-05-01 17:20:18,TEMP,0.0
3861,2026-05-01 17:20:05,TEMP,0.0
3859,2026-05-01 17:20:00,TEMP,0.0
3857,2026-05-01 17:19:55,TEMP,0.0
3855,2026-05-01 17:19:50,TEMP,0.0
3853,2026-05-01 17:19:45,TEMP,0.0
3851,2026-05-01 17:19:40,TEMP,0.0
3849,2026-05-01 17:19:35,TEMP,0.0
3847,2026-05-01 17:19:30,TEMP,0.0
3845,2026-05-01 17:19:25,TEMP,0.0
3843,2026-05-01 17:19:20,TEMP,0.0
3841,2026-05-01 17:19:15,TEMP,0.0
3839,2026-05-01 17:19:10,TEMP,0.0
3837,2026-05-01 17:19:05,TEMP,0.0
3835,2026-05-01 17:06:29,TEMP,0.0
3833,2026-05-01 17:06:24,TEMP,0.0
3831,2026-05-01 17:06:19,TEMP,0.0
3829,2026-05-01 17:06:13,TEMP,0.0
3827,2026-05-01 17:06:08,TEMP,0.0
3825,2026-05-01 17:06:03,TEMP,0.0
3823,2026-05-01 17:05:58,TEMP,0.0
3821,2026-05-01 17:05:53,TEMP,0.0
3819,2026-05-01 17:05:48,TEMP,0.0
3817,2026-05-01 17:05:43,TEMP,0.0
3815,2026-05-01 17:05:38,TEMP,0.0
3813,2026-05-01 17:05:33,TEMP,0.0
3811,2026-05-01 17:05:28,TEMP,0.0
3809,2026-05-01 17:05:23,TEMP,0.0
3807,2026-05-01 17:05:17,TEMP,0.0
3805,2026-05-01 17:05:12,TEMP,0.0
3803,2026-05-01 17:05:07,TEMP,0.0
3801,2026-05-01 17:05:02,TEMP,0.0
3799,2026-05-01 17:04:57,TEMP,0.0
3797,2026-05-01 17:04:52,TEMP,0.0
3795,2026-05-01 17:04:47,TEMP,0.0
3793,2026-05-01 17:04:42,TEMP,0.0
3791,2026-05-01 17:04:37,TEMP,0.0
3789,2026-05-01 17:04:32,TEMP,0.0
3787,2026-05-01 17:04:27,TEMP,0.0
3785,2026-05-01 17:04:22,TEMP,0.0
3783,2026-05-01 17:04:17,TEMP,0.0
3781,2026-05-01 17:04:12,TEMP,0.0
3779,2026-05-01 17:04:07,TEMP,0.0
3777,2026-05-01 17:04:02,TEMP,0.0
3775,2026-05-01 17:03:57,TEMP,0.0
3773,2026-05-01 17:03:52,TEMP,0.0
3771,2026-05-01 17:03:46,TEMP,0.0
3769,2026-05-01 17:03:41,TEMP,0.0
3767,2026-05-01 17:03:27,TEMP,0.0
3765,2026-05-01 17:03:22,TEMP,0.0
3763,2026-05-01 17:03:17,TEMP,0.0
3761,2026-05-01 17:03:12,TEMP,0.0
3759,2026-05-01 17:03:07,TEMP,0.0
3757,2026-05-01 17:03:02,TEMP,0.0
3755,2026-05-01 17:02:57,TEMP,0.0
3753,2026-05-01 17:02:52,TEMP,0.0
3751,2026-05-01 17:02:47,TEMP,0.0
3749,2026-05-01 17:02:42,TEMP,0.0
3747,2026-05-01 17:02:37,TEMP,0.0
3745,2026-05-01 17:02:32,TEMP,0.0
3743,2026-05-01 17:02:27,TEMP,0.0
3741,2026-05-01 17:02:22,TEMP,0.0
3739,2026-05-01 17:02:00,TEMP,0.0
3737,2026-05-01 17:01:55,TEMP,0.0
3735,2026-05-01 17:01:50,TEMP,0.0
3733,2026-05-01 17:01:45,TEMP,0.0
3731,2026-05-01 17:01:40,TEMP,0.0
3729,2026-05-01 17:01:35,TEMP,0.0
3727,2026-05-01 17:01:30,TEMP,0.0
3725,2026-05-01 17:01:25,TEMP,0.0
3723,2026-05-01 17:01:20,TEMP,0.0
3721,2026-05-01 17:01:15,TEMP,0.0
3719,2026-05-01 17:01:10,TEMP,0.0
3717,2026-05-01 17:01:05,TEMP,0.0
3715,2026-05-01 17:01:00,TEMP,0.0
3713,2026-05-01 17:00:55,TEMP,0.0
3711,2026-05-01 17:00:49,TEMP,0.0
3709,2026-05-01 17:00:44,TEMP,0.0
3707,2026-05-01 17:00:39,TEMP,0.0
3705,2026-05-01 17:00:34,TEMP,0.0
3703,2026-05-01 17:00:29,TEMP,0.0
3701,2026-05-01 17:00:24,TEMP,0.0
3699,2026-05-01 17:00:19,TEMP,0.0
3697,2026-05-01 17:00:14,TEMP,0.0
3695,2026-05-01 17:00:09,TEMP,0.0
3693,2026-05-01 17:00:04,TEMP,0.0
3691,2026-05-01 16:59:59,TEMP,0.0
3689,2026-05-01 16:59:54,TEMP,0.0
3687,2026-05-01 16:59:49,TEMP,0.0
3685,2026-05-01 16:59:44,TEMP,0.0
3683,2026-05-01 16:59:38,TEMP,0.0
3681,2026-05-01 16:59:33,TEMP,0.0
3679,2026-05-01 16:59:28,TEMP,0.0
3677,2026-05-01 16:59:23,TEMP,0.0
3675,2026-05-01 16:59:18,TEMP,0.0
3673,2026-05-01 16:59:13,TEMP,0.0
3671,2026-05-01 16:59:08,TEMP,0.0
3669,2026-05-01 16:59:03,TEMP,0.0
3667,2026-05-01 16:58:58,TEMP,0.0
3665,2026-05-01 16:58:53,TEMP,0.0
3663,2026-05-01 16:58:48,TEMP,0.0
3661,2026-05-01 16:58:43,TEMP,0.0
3659,2026-05-01 16:58:38,TEMP,0.0
3657,2026-05-01 16:58:33,TEMP,0.0
3655,2026-05-01 16:58:28,TEMP,0.0
3653,2026-05-01 16:58:23,TEMP,0.0
3651,2026-05-01 16:58:18,TEMP,0.0
3649,2026-05-01 16:58:12,TEMP,0.0
3647,2026-05-01 16:58:07,TEMP,0.0
3645,2026-05-01 16:58:02,TEMP,0.0
3643,2026-05-01 16:57:57,TEMP,0.0
3641,2026-05-01 16:57:52,TEMP,0.0
3639,2026-05-01 16:57:47,TEMP,0.0
3637,2026-05-01 16:57:42,TEMP,0.0
3635,2026-05-01 16:57:37,TEMP,0.0
3633,2026-05-01 16:57:32,TEMP,0.0
3631,2026-05-01 16:57:27,TEMP,0.0
3629,2026-05-01 16:57:22,TEMP,0.0
3627,2026-05-01 16:57:17,TEMP,0.0
3625,2026-05-01 16:57:12,TEMP,0.0
3623,2026-05-01 16:57:07,TEMP,0.0
3621,2026-05-01 16:57:02,TEMP,0.0
3619,2026-05-01 16:56:57,TEMP,0.0
3617,2026-05-01 16:56:52,TEMP,0.0
3615,2026-05-01 16:56:46,TEMP,0.0
3613,2026-05-01 16:56:41,TEMP,0.0
3611,2026-05-01 16:56:36,TEMP,0.0
3609,2026-05-01 16:56:31,TEMP,0.0
3607,2026-05-01 16:56:26,TEMP,0.0
3605,2026-05-01 16:56:21,TEMP,0.0
3603,2026-05-01 16:56:16,TEMP,0.0
3601,2026-05-01 16:56:11,TEMP,0.0
3599,2026-05-01 16:56:06,TEMP,0.0
3597,2026-05-01 16:56:01,TEMP,0.0
3595,2026-05-01 16:55:56,TEMP,0.0
3593,2026-05-01 16:55:51,TEMP,0.0
3591,2026-05-01 16:55:46,TEMP,0.0
3589,2026-05-01 16:55:41,TEMP,0.0
3587,2026-05-01 16:55:36,TEMP,0.0
3585,2026-05-01 16:55:31,TEMP,0.0
3583,2026-05-01 16:55:26,TEMP,0.0
3581,2026-05-01 16:55:20,TEMP,0.0
3579,2026-05-01 16:55:15,TEMP,0.0
3577,2026-05-01 16:55:10,TEMP,0.0
3575,2026-05-01 16:55:05,TEMP,0.0
3573,2026-05-01 16:55:00,TEMP,0.0
3571,2026-05-01 16:54:55,TEMP,0.0
3569,2026-05-01 16:54:50,TEMP,0.0
3567,2026-05-01 16:54:45,TEMP,0.0
3565,2026-05-01 16:54:40,TEMP,0.0
3563,2026-05-01 16:54:35,TEMP,0.0
3561,2026-05-01 16:54:30,TEMP,0.0
3559,2026-05-01 16:54:25,TEMP,0.0
3557,2026-05-01 16:54:20,TEMP,0.0
3555,2026-05-01 16:54:15,TEMP,0.0
3553,2026-05-01 16:54:10,TEMP,0.0
3551,2026-05-01 16:54:05,TEMP,0.0
3549,2026-05-01 16:54:00,TEMP,0.0
3547,2026-05-01 16:53:55,TEMP,0.0
3545,2026-05-01 16:53:50,TEMP,0.0
3543,2026-05-01 16:53:45,TEMP,0.0
3541,2026-05-01 16:53:39,TEMP,0.0
3539,2026-05-01 16:53:34,TEMP,0.0
3537,2026-05-01 16:53:29,TEMP,0.0
3535,2026-05-01 16:53:24,TEMP,0.0
3533,2026-05-01 16:53:19,TEMP,0.0
3531,2026-05-01 16:53:14,TEMP,0.0
3529,2026-05-01 16:53:09,TEMP,0.0
3527,2026-05-01 16:53:04,TEMP,0.0
3525,2026-05-01 16:52:59,TEMP,0.0
3523,2026-05-01 16:52:54,TEMP,0.0
3521,2026-05-01 16:52:49,TEMP,0.0
3519,2026-05-01 16:52:44,TEMP,0.0
3517,2026-05-01 16:52:39,TEMP,0.0
3515,2026-05-01 16:52:34,TEMP,0.0
3513,2026-05-01 16:52:29,TEMP,0.0
3511,2026-05-01 16:52:23,TEMP,0.0
3509,2026-05-01 16:52:18,TEMP,0.0
3507,2026-05-01 16:52:13,TEMP,0.0
3505,2026-05-01 16:52:08,TEMP,0.0
3503,2026-05-01 16:52:03,TEMP,0.0
3501,2026-05-01 16:51:58,TEMP,0.0
3499,2026-05-01 16:51:53,TEMP,0.0
3497,2026-05-01 16:51:48,TEMP,0.0
3495,2026-05-01 16:51:43,TEMP,0.0
3493,2026-05-01 16:51:38,TEMP,0.0
3491,2026-05-01 16:51:33,TEMP,0.0
3489,2026-05-01 16:51:28,TEMP,0.0
3487,2026-05-01 16:51:23,TEMP,0.0
3485,2026-05-01 16:51:18,TEMP,0.0
3483,2026-05-01 16:51:13,TEMP,0.0
3481,2026-05-01 16:51:08,TEMP,0.0
3479,2026-05-01 16:51:03,TEMP,0.0
3477,2026-05-01 16:50:57,TEMP,0.0
3475,2026-05-01 16:50:52,TEMP,0.0
3473,2026-05-01 16:50:47,TEMP,0.0
3471,2026-05-01 16:50:42,TEMP,0.0
3469,2026-05-01 16:50:37,TEMP,0.0
3467,2026-05-01 16:50:32,TEMP,0.0
3465,2026-05-01 16:50:27,TEMP,0.0
3463,2026-05-01 16:50:22,TEMP,0.0
3461,2026-05-01 16:50:17,TEMP,0.0
3459,2026-05-01 16:50:12,TEMP,0.0
3457,2026-05-01 16:50:07,TEMP,0.0
3455,2026-05-01 16:50:02,TEMP,0.0
3453,2026-05-01 16:49:57,TEMP,0.0
3451,2026-05-01 16:49:52,TEMP,0.0
3449,2026-05-01 16:49:47,TEMP,0.0
3447,2026-05-01 16:49:41,TEMP,0.0
3445,2026-05-01 16:49:36,TEMP,0.0
3443,2026-05-01 16:49:31,TEMP,0.0
3441,2026-05-01 16:49:26,TEMP,0.0
3439,2026-05-01 16:49:21,TEMP,0.0
3437,2026-05-01 16:49:16,TEMP,0.0
3435,2026-05-01 16:49:11,TEMP,0.0
3433,2026-05-01 16:49:06,TEMP,0.0
3431,2026-05-01 16:49:01,TEMP,0.0
3429,2026-05-01 16:48:56,TEMP,0.0
3427,2026-05-01 16:48:51,TEMP,0.0
3425,2026-05-01 16:48:45,TEMP,0.0
3423,2026-05-01 16:48:40,TEMP,0.0
3421,2026-05-01 16:48:35,TEMP,0.0
3419,2026-05-01 16:48:30,TEMP,0.0
3417,2026-05-01 16:48:25,TEMP,0.0
3415,2026-05-01 16:48:20,TEMP,0.0
3413,2026-05-01 16:48:15,TEMP,0.0
3411,2026-05-01 16:48:10,TEMP,0.0
3409,2026-05-01 16:48:05,TEMP,0.0
3407,2026-05-01 16:48:00,TEMP,0.0
3405,2026-05-01 16:47:55,TEMP,0.0
3403,2026-05-01 16:47:50,TEMP,0.0
3401,2026-05-01 16:47:45,TEMP,0.0
3399,2026-05-01 16:47:40,TEMP,0.0
3397,2026-05-01 16:47:35,TEMP,0.0
3395,2026-05-01 16:47:30,TEMP,0.0
3393,2026-05-01 16:47:25,TEMP,0.0
3391,2026-05-01 16:47:19,TEMP,0.0
3389,2026-05-01 16:47:14,TEMP,0.0
3387,2026-05-01 16:47:09,TEMP,0.0
3385,2026-05-01 16:47:04,TEMP,0.0
3383,2026-05-01 16:46:59,TEMP,0.0
3381,2026-05-01 16:46:54,TEMP,0.0
3379,2026-05-01 16:46:49,TEMP,0.0
3377,2026-05-01 16:46:44,TEMP,0.0
3375,2026-05-01 16:46:39,TEMP,0.0
3373,2026-05-01 16:46:34,TEMP,0.0
3371,2026-05-01 16:46:29,TEMP,0.0
3369,2026-05-01 16:46:24,TEMP,0.0
3367,2026-05-01 16:46:19,TEMP,0.0
3365,2026-05-01 16:46:14,TEMP,0.0
3363,2026-05-01 16:46:09,TEMP,0.0
3361,2026-05-01 16:46:04,TEMP,0.0
3359,2026-05-01 16:45:58,TEMP,0.0
3357,2026-05-01 16:45:53,TEMP,0.0
3355,2026-05-01 16:45:48,TEMP,0.0
3353,2026-05-01 16:45:43,TEMP,0.0
3351,2026-05-01 16:45:38,TEMP,0.0
3349,2026-05-01 16:45:33,TEMP,0.0
3347,2026-05-01 16:45:28,TEMP,0.0
3345,2026-05-01 16:45:23,TEMP,0.0
3343,2026-05-01 16:45:18,TEMP,0.0
3341,2026-05-01 16:45:13,TEMP,0.0
3339,2026-05-01 16:45:08,TEMP,0.0
3337,2026-05-01 16:45:03,TEMP,0.0
3335,2026-05-01 16:44:58,TEMP,0.0
3333,2026-05-01 16:44:53,TEMP,0.0
3331,2026-05-01 16:44:48,TEMP,0.0
3329,2026-05-01 16:44:42,TEMP,0.0
3327,2026-05-01 16:44:37,TEMP,0.0
3325,2026-05-01 16:44:32,TEMP,0.0
3323,2026-05-01 16:44:27,TEMP,0.0
3321,2026-05-01 16:44:22,TEMP,0.0
3319,2026-05-01 16:44:17,TEMP,0.0
3317,2026-05-01 16:44:12,TEMP,0.0
3315,2026-05-01 16:44:07,TEMP,0.0
3313,2026-05-01 16:44:02,TEMP,0.0
3311,2026-05-01 16:43:57,TEMP,0.0
3309,2026-05-01 16:43:52,TEMP,0.0
3307,2026-05-01 16:43:47,TEMP,0.0
3305,2026-05-01 16:43:42,TEMP,0.0
3303,2026-05-01 16:43:37,TEMP,0.0
3301,2026-05-01 16:43:32,TEMP,0.0
3299,2026-05-01 16:43:27,TEMP,0.0
3297,2026-05-01 16:43:22,TEMP,0.0
3295,2026-05-01 16:43:17,TEMP,0.0
3293,2026-05-01 16:43:12,TEMP,0.0
3291,2026-05-01 16:43:07,TEMP,0.0
3289,2026-05-01 16:43:02,TEMP,0.0
3287,2026-05-01 16:42:56,TEMP,0.0
3285,2026-05-01 16:42:51,TEMP,0.0
3283,2026-05-01 16:42:46,TEMP,0.0
3281,2026-05-01 16:42:41,TEMP,0.0
3279,2026-05-01 16:42:36,TEMP,0.0
3277,2026-05-01 16:42:31,TEMP,0.0
3275,2026-05-01 16:42:26,TEMP,0.0
3273,2026-05-01 16:42:21,TEMP,0.0
3271,2026-05-01 16:42:16,TEMP,0.0
3269,2026-05-01 16:42:11,TEMP,0.0
3267,2026-05-01 16:42:06,TEMP,0.0
3265,2026-05-01 16:42:01,TEMP,0.0
3263,2026-05-01 16:41:56,TEMP,0.0
3261,2026-05-01 16:41:51,TEMP,0.0
3259,2026-05-01 16:41:45,TEMP,0.0
3257,2026-05-01 16:41:40,TEMP,0.0
3255,2026-05-01 16:41:35,TEMP,0.0
3253,2026-05-01 16:41:30,TEMP,0.0
3251,2026-05-01 16:41:25,TEMP,0.0
3249,2026-05-01 16:41:20,TEMP,0.0
3247,2026-05-01 16:41:15,TEMP,0.0
3245,2026-05-01 16:41:10,TEMP,0.0
3243,2026-05-01 16:41:05,TEMP,0.0
3241,2026-05-01 16:41:00,TEMP,0.0
3239,2026-05-01 16:40:55,TEMP,0.0
3237,2026-05-01 16:40:50,TEMP,0.0
3235,2026-05-01 16:40:45,TEMP,0.0
3233,2026-05-01 16:40:40,TEMP,0.0
3231,2026-05-01 16:40:34,TEMP,0.0
3229,2026-05-01 16:40:29,TEMP,0.0
3227,2026-05-01 16:40:24,TEMP,0.0
3225,2026-05-01 16:40:19,TEMP,0.0
3223,2026-05-01 16:40:14,TEMP,0.0
3221,2026-05-01 16:40:09,TEMP,0.0
3219,2026-05-01 16:40:04,TEMP,0.0
3217,2026-05-01 16:39:59,TEMP,0.0
3215,2026-05-01 16:39:54,TEMP,0.0
3213,2026-05-01 16:39:49,TEMP,0.0
3211,2026-05-01 16:39:44,TEMP,0.0
3209,2026-05-01 16:39:39,TEMP,0.0
3207,2026-05-01 16:39:34,TEMP,0.0
3205,2026-05-01 16:39:29,TEMP,0.0
3203,2026-05-01 16:39:24,TEMP,0.0
3201,2026-05-01 16:39:19,TEMP,0.0
3199,2026-05-01 16:39:14,TEMP,0.0
3197,2026-05-01 16:39:09,TEMP,0.0
3195,2026-05-01 16:39:04,TEMP,0.0
3193,2026-05-01 16:38:58,TEMP,0.0
3191,2026-05-01 16:38:53,TEMP,0.0
3189,2026-05-01 16:38:48,TEMP,0.0
3187,2026-05-01 16:38:43,TEMP,0.0
3185,2026-05-01 16:38:38,TEMP,0.0
3183,2026-05-01 16:38:33,TEMP,0.0
3181,2026-05-01 16:38:28,TEMP,0.0
3179,2026-05-01 16:38:23,TEMP,0.0
3177,2026-05-01 16:38:18,TEMP,0.0
3175,2026-05-01 16:38:13,TEMP,0.0
3173,2026-05-01 16:38:08,TEMP,0.0
3171,2026-05-01 16:38:03,TEMP,0.0
3169,2026-05-01 16:37:58,TEMP,0.0
3167,2026-05-01 16:37:52,TEMP,0.0
3165,2026-05-01 16:37:47,TEMP,0.0
3163,2026-05-01 16:37:42,TEMP,0.0
3161,2026-05-01 16:37:37,TEMP,0.0
3159,2026-05-01 16:37:32,TEMP,0.0
3157,2026-05-01 16:37:27,TEMP,0.0
3155,2026-05-01 16:37:22,TEMP,0.0
3153,2026-05-01 16:37:17,TEMP,0.0
3151,2026-05-01 16:37:12,TEMP,0.0
3149,2026-05-01 16:37:07,TEMP,0.0
3147,2026-05-01 16:37:02,TEMP,0.0
3145,2026-05-01 16:36:57,TEMP,0.0
3143,2026-05-01 16:36:52,TEMP,0.0
3141,2026-05-01 16:36:47,TEMP,0.0
3139,2026-05-01 16:36:42,TEMP,0.0
3137,2026-05-01 16:36:37,TEMP,0.0
3135,2026-05-01 16:36:32,TEMP,0.0
3133,2026-05-01 16:36:27,TEMP,0.0
3131,2026-05-01 16:36:22,TEMP,0.0
3129,2026-05-01 16:36:16,TEMP,0.0
3127,2026-05-01 16:36:11,TEMP,0.0
3125,2026-05-01 16:36:06,TEMP,0.0
3123,2026-05-01 16:36:01,TEMP,0.0
3121,2026-05-01 16:35:56,TEMP,0.0
3119,2026-05-01 16:35:51,TEMP,0.0
3117,2026-05-01 16:35:46,TEMP,0.0
3115,2026-05-01 16:35:41,TEMP,0.0
3113,2026-05-01 16:35:36,TEMP,0.0
3111,2026-05-01 16:35:31,TEMP,0.0
3109,2026-05-01 16:35:26,TEMP,0.0
3107,2026-05-01 16:35:21,TEMP,0.0
3105,2026-05-01 16:35:16,TEMP,0.0
3103,2026-05-01 16:35:11,TEMP,0.0
3101,2026-05-01 16:35:06,TEMP,0.0
3099,2026-05-01 16:35:01,TEMP,0.0
3097,2026-05-01 16:34:56,TEMP,0.0
3095,2026-05-01 16:34:51,TEMP,0.0
3093,2026-05-01 16:34:45,TEMP,0.0
3091,2026-05-01 16:34:40,TEMP,0.0
3089,2026-05-01 16:34:35,TEMP,0.0
3087,2026-05-01 16:34:30,TEMP,0.0
3085,2026-05-01 16:34:25,TEMP,0.0
3083,2026-05-01 16:34:20,TEMP,0.0
3081,2026-05-01 16:34:15,TEMP,0.0
3079,2026-05-01 16:34:10,TEMP,0.0
3077,2026-05-01 16:34:05,TEMP,0.0
3075,2026-05-01 16:34:00,TEMP,0.0
3073,2026-05-01 16:33:55,TEMP,0.0
3071,2026-05-01 16:33:50,TEMP,0.0
3069,2026-05-01 16:33:45,TEMP,0.0
3067,2026-05-01 16:33:40,TEMP,0.0
3065,2026-05-01 16:33:35,TEMP,0.0
3063,2026-05-01 16:33:29,TEMP,0.0
3061,2026-05-01 16:33:24,TEMP,0.0
3059,2026-05-01 16:33:19,TEMP,0.0
3057,2026-05-01 16:33:14,TEMP,0.0
3055,2026-05-01 16:33:09,TEMP,0.0
3053,2026-05-01 16:33:04,TEMP,0.0
3051,2026-05-01 16:32:59,TEMP,0.0
3049,2026-05-01 16:32:54,TEMP,0.0
3047,2026-05-01 16:32:49,TEMP,0.0
3045,2026-05-01 16:32:44,TEMP,0.0
3043,2026-05-01 16:32:39,TEMP,0.0
3041,2026-05-01 16:32:34,TEMP,0.0
3039,2026-05-01 16:32:29,TEMP,0.0
3037,2026-05-01 16:32:24,TEMP,0.0
3035,2026-05-01 16:32:19,TEMP,0.0
3033,2026-05-01 16:32:14,TEMP,0.0
3031,2026-05-01 16:32:09,TEMP,0.0
3029,2026-05-01 16:32:04,TEMP,0.0
3027,2026-05-01 16:31:59,TEMP,0.0
3025,2026-05-01 16:31:54,TEMP,0.0
3023,2026-05-01 16:31:48,TEMP,0.0
3021,2026-05-01 16:31:43,TEMP,0.0
3019,2026-05-01 16:31:38,TEMP,0.0
3017,2026-05-01 16:31:33,TEMP,0.0
3015,2026-05-01 16:31:28,TEMP,0.0
3013,2026-05-01 16:31:23,TEMP,0.0
3011,2026-05-01 16:31:18,TEMP,0.0
3009,2026-05-01 16:31:13,TEMP,0.0
3007,2026-05-01 16:31:08,TEMP,0.0
3005,2026-05-01 16:31:03,TEMP,0.0
3003,2026-05-01 16:30:58,TEMP,0.0
3001,2026-05-01 16:30:53,TEMP,0.0
2999,2026-05-01 16:30:48,TEMP,0.0
2997,2026-05-01 16:30:43,TEMP,0.0
2995,2026-05-01 16:30:38,TEMP,0.0
2993,2026-05-01 16:30:33,TEMP,0.0
2991,2026-05-01 16:30:28,TEMP,0.0
2989,2026-05-01 16:30:22,TEMP,0.0
2987,2026-05-01 16:30:17,TEMP,0.0
2985,2026-05-01 16:30:12,TEMP,0.0
2983,2026-05-01 16:30:07,TEMP,0.0
2981,2026-05-01 16:30:02,TEMP,0.0
2979,2026-05-01 16:29:57,TEMP,0.0
2977,2026-05-01 16:29:52,TEMP,0.0
2975,2026-05-01 16:29:47,TEMP,0.0
2973,2026-05-01 16:29:42,TEMP,0.0
2971,2026-05-01 16:29:37,TEMP,0.0
2969,2026-05-01 16:29:32,TEMP,0.0
2967,2026-05-01 16:29:27,TEMP,0.0
2965,2026-05-01 16:29:22,TEMP,0.0
2963,2026-05-01 16:29:17,TEMP,0.0
2961,2026-05-01 16:29:12,TEMP,0.0
2959,2026-05-01 16:29:07,TEMP,0.0
2957,2026-05-01 16:29:02,TEMP,0.0
2955,2026-05-01 16:28:57,TEMP,0.0
2953,2026-05-01 16:28:51,TEMP,0.0
2951,2026-05-01 16:28:46,TEMP,0.0
2949,2026-05-01 16:28:41,TEMP,0.0
2947,2026-05-01 16:28:36,TEMP,0.0
2945,2026-05-01 16:28:31,TEMP,0.0
2943,2026-05-01 16:28:26,TEMP,0.0
2941,2026-05-01 16:28:21,TEMP,0.0
2939,2026-05-01 16:28:16,TEMP,0.0
2937,2026-05-01 16:28:11,TEMP,0.0
2935,2026-05-01 16:28:06,TEMP,0.0
2933,2026-05-01 16:28:01,TEMP,0.0
2931,2026-05-01 16:27:56,TEMP,0.0
2929,2026-05-01 16:27:51,TEMP,0.0
2927,2026-05-01 16:27:46,TEMP,0.0
2925,2026-05-01 16:27:41,TEMP,0.0
2923,2026-05-01 16:27:35,TEMP,0.0
2921,2026-05-01 16:27:30,TEMP,0.0
2919,2026-05-01 16:27:25,TEMP,0.0
2917,2026-05-01 16:27:20,TEMP,0.0
2915,2026-05-01 16:27:15,TEMP,0.0
2913,2026-05-01 16:27:10,TEMP,0.0
2911,2026-05-01 16:27:05,TEMP,0.0
2909,2026-05-01 16:27:00,TEMP,0.0
2907,2026-05-01 16:26:55,TEMP,0.0
2905,2026-05-01 16:26:50,TEMP,0.0
2903,2026-05-01 16:26:45,TEMP,0.0
2901,2026-05-01 16:26:40,TEMP,0.0
2899,2026-05-01 16:26:35,TEMP,0.0
2897,2026-05-01 16:26:30,TEMP,0.0
2895,2026-05-01 16:26:24,TEMP,0.0
2893,2026-05-01 16:26:19,TEMP,0.0
2891,2026-05-01 16:26:14,TEMP,0.0
2889,2026-05-01 16:26:09,TEMP,0.0
2887,2026-05-01 16:26:04,TEMP,0.0
2885,2026-05-01 16:25:59,TEMP,0.0
2883,2026-05-01 16:25:54,TEMP,0.0
2881,2026-05-01 16:25:49,TEMP,0.0
2879,2026-05-01 16:25:44,TEMP,0.0
2877,2026-05-01 16:25:39,TEMP,0.0
2875,2026-05-01 16:25:34,TEMP,0.0
2873,2026-05-01 16:25:29,TEMP,0.0
2871,2026-05-01 16:25:24,TEMP,0.0
2869,2026-05-01 16:25:19,TEMP,0.0
2867,2026-05-01 16:25:14,TEMP,0.0
2865,2026-05-01 16:25:09,TEMP,0.0
2863,2026-05-01 16:25:03,TEMP,0.0
2861,2026-05-01 16:24:58,TEMP,0.0
2859,2026-05-01 16:24:53,TEMP,0.0
2857,2026-05-01 16:24:48,TEMP,0.0
2855,2026-05-01 16:24:43,TEMP,0.0
2853,2026-05-01 16:24:38,TEMP,0.0
2851,2026-05-01 16:24:33,TEMP,0.0
2849,2026-05-01 16:24:28,TEMP,0.0
2847,2026-05-01 16:24:23,TEMP,0.0
2845,2026-05-01 16:24:18,TEMP,0.0
2843,2026-05-01 16:24:13,TEMP,0.0
2841,2026-05-01 16:24:08,TEMP,0.0
2839,2026-05-01 16:24:03,TEMP,0.0
2837,2026-05-01 16:23:58,TEMP,0.0
2835,2026-05-01 16:23:52,TEMP,0.0
2833,2026-05-01 16:23:47,TEMP,0.0
2831,2026-05-01 16:23:42,TEMP,0.0
2829,2026-05-01 16:23:37,TEMP,0.0
2827,2026-05-01 16:23:32,TEMP,0.0
2825,2026-05-01 16:23:27,TEMP,0.0
2823,2026-05-01 16:23:22,TEMP,0.0
2821,2026-05-01 16:23:17,TEMP,0.0
2819,2026-05-01 16:23:12,TEMP,0.0
2817,2026-05-01 16:23:07,TEMP,0.0
2815,2026-05-01 16:23:01,TEMP,0.0
2813,2026-05-01 16:22:56,TEMP,0.0
2811,2026-05-01 16:22:51,TEMP,0.0
2809,2026-05-01 16:22:46,TEMP,0.0
2807,2026-05-01 16:22:41,TEMP,0.0
2805,2026-05-01 16:22:36,TEMP,0.0
2803,2026-05-01 16:22:31,TEMP,0.0
2801,2026-05-01 16:22:26,TEMP,0.0
2799,2026-05-01 16:22:21,TEMP,0.0
2797,2026-05-01 16:22:16,TEMP,0.0
2795,2026-05-01 16:22:11,TEMP,0.0
2793,2026-05-01 16:22:06,TEMP,0.0
2791,2026-05-01 16:22:01,TEMP,0.0
2789,2026-05-01 16:21:56,TEMP,0.0
2787,2026-05-01 16:21:50,TEMP,0.0
2785,2026-05-01 16:21:45,TEMP,0.0
2783,2026-05-01 16:21:40,TEMP,0.0
2781,2026-05-01 16:21:35,TEMP,0.0
2779,2026-05-01 16:21:30,TEMP,0.0
2777,2026-05-01 16:21:25,TEMP,0.0
2775,2026-05-01 16:21:20,TEMP,0.0
2773,2026-05-01 16:21:15,TEMP,0.0
2771,2026-05-01 16:21:10,TEMP,0.0
2769,2026-05-01 16:21:05,TEMP,0.0
2767,2026-05-01 16:21:00,TEMP,0.0
2765,2026-05-01 16:20:55,TEMP,0.0
2763,2026-05-01 16:20:50,TEMP,0.0
2761,2026-05-01 16:20:45,TEMP,0.0
2759,2026-05-01 16:20:40,TEMP,0.0
2757,2026-05-01 16:20:35,TEMP,0.0
2755,2026-05-01 16:20:29,TEMP,0.0
2753,2026-05-01 16:20:24,TEMP,0.0
2751,2026-05-01 16:20:19,TEMP,0.0
2749,2026-05-01 16:20:14,TEMP,0.0
2747,2026-05-01 16:20:09,TEMP,0.0
2745,2026-05-01 16:20:04,TEMP,0.0
2743,2026-05-01 16:19:59,TEMP,0.0
2741,2026-05-01 16:19:54,TEMP,0.0
2739,2026-05-01 16:19:49,TEMP,0.0
2737,2026-05-01 16:19:44,TEMP,0.0
2735,2026-05-01 16:19:39,TEMP,0.0
2733,2026-05-01 16:19:34,TEMP,0.0
2731,2026-05-01 16:19:29,TEMP,0.0
2729,2026-05-01 16:19:23,TEMP,0.0
2727,2026-05-01 16:19:18,TEMP,0.0
2725,2026-05-01 16:19:13,TEMP,0.0
2723,2026-05-01 16:19:08,TEMP,0.0
2721,2026-05-01 16:19:03,TEMP,0.0
2719,2026-05-01 16:18:58,TEMP,0.0
2717,2026-05-01 16:18:53,TEMP,0.0
2715,2026-05-01 16:18:48,TEMP,0.0
2713,2026-05-01 16:18:43,TEMP,0.0
2711,2026-05-01 16:18:38,TEMP,0.0
2709,2026-05-01 16:18:33,TEMP,0.0
2707,2026-05-01 16:18:28,TEMP,0.0
2705,2026-05-01 16:18:23,TEMP,0.0
2703,2026-05-01 16:18:18,TEMP,0.0
2701,2026-05-01 16:18:13,TEMP,0.0
2699,2026-05-01 16:18:08,TEMP,0.0
2697,2026-05-01 16:18:03,TEMP,0.0
2695,2026-05-01 16:17:57,TEMP,0.0
2693,2026-05-01 16:17:52,TEMP,0.0
2691,2026-05-01 16:17:47,TEMP,0.0
2689,2026-05-01 16:17:42,TEMP,0.0
2687,2026-05-01 16:17:37,TEMP,0.0
2685,2026-05-01 16:17:32,TEMP,0.0
2683,2026-05-01 16:17:27,TEMP,0.0
2681,2026-05-01 16:17:22,TEMP,0.0
2679,2026-05-01 16:17:17,TEMP,0.0
2677,2026-05-01 16:17:12,TEMP,0.0
2675,2026-05-01 16:17:07,TEMP,0.0
2673,2026-05-01 16:17:02,TEMP,0.0
2671,2026-05-01 16:16:57,TEMP,0.0
2669,2026-05-01 16:16:52,TEMP,0.0
2667,2026-05-01 16:16:47,TEMP,0.0
2665,2026-05-01 16:16:42,TEMP,0.0
2663,2026-05-01 16:16:36,TEMP,0.0
2661,2026-05-01 16:16:31,TEMP,0.0
2659,2026-05-01 16:16:26,TEMP,0.0
2657,2026-05-01 16:16:21,TEMP,0.0
2655,2026-05-01 16:16:16,TEMP,0.0
2653,2026-05-01 16:16:11,TEMP,0.0
2651,2026-05-01 16:16:06,TEMP,0.0
2649,2026-05-01 16:16:01,TEMP,0.0
2647,2026-05-01 16:15:56,TEMP,0.0
2645,2026-05-01 16:15:51,TEMP,0.0
2643,2026-05-01 16:15:46,TEMP,0.0
2641,2026-05-01 16:15:41,TEMP,0.0
2639,2026-05-01 16:15:36,TEMP,0.0
2637,2026-05-01 16:15:31,TEMP,0.0
2635,2026-05-01 16:15:25,TEMP,0.0
2633,2026-05-01 16:15:20,TEMP,0.0
2631,2026-05-01 16:15:15,TEMP,0.0
2629,2026-05-01 16:15:10,TEMP,0.0
2627,2026-05-01 16:15:05,TEMP,0.0
2625,2026-05-01 16:15:00,TEMP,0.0
2623,2026-05-01 16:14:55,TEMP,0.0
2621,2026-05-01 16:14:50,TEMP,0.0
2619,2026-05-01 16:14:45,TEMP,0.0
2617,2026-05-01 16:14:40,TEMP,0.0
2615,2026-05-01 16:14:35,TEMP,0.0
2613,2026-05-01 16:14:30,TEMP,0.0
2611,2026-05-01 16:14:25,TEMP,0.0
2609,2026-05-01 16:14:20,TEMP,0.0
2607,2026-05-01 16:14:15,TEMP,0.0
2605,2026-05-01 16:14:10,TEMP,0.0
2603,2026-05-01 16:14:05,TEMP,0.0
2601,2026-05-01 16:14:00,TEMP,0.0
2599,2026-05-01 16:13:54,TEMP,0.0
2597,2026-05-01 16:13:49,TEMP,0.0
2595,2026-05-01 16:13:44,TEMP,0.0
2593,2026-05-01 16:13:39,TEMP,0.0
2591,2026-05-01 16:13:34,TEMP,0.0
2589,2026-05-01 16:13:29,TEMP,0.0
2587,2026-05-01 16:13:24,TEMP,0.0
2585,2026-05-01 16:13:19,TEMP,0.0
2583,2026-05-01 16:13:14,TEMP,0.0
2581,2026-05-01 16:13:09,TEMP,0.0
2579,2026-05-01 16:13:04,TEMP,0.0
2577,2026-05-01 16:12:59,TEMP,0.0
2575,2026-05-01 16:12:54,TEMP,0.0
2573,2026-05-01 16:12:49,TEMP,0.0
2571,2026-05-01 16:12:44,TEMP,0.0
2569,2026-05-01 16:12:39,TEMP,0.0
2567,2026-05-01 16:12:34,TEMP,0.0
2565,2026-05-01 16:12:28,TEMP,0.0
2563,2026-05-01 16:12:23,TEMP,0.0
2561,2026-05-01 16:12:18,TEMP,0.0
2559,2026-05-01 16:12:13,TEMP,0.0
2557,2026-05-01 16:12:08,TEMP,0.0
2555,2026-05-01 16:12:03,TEMP,0.0
2553,2026-05-01 16:11:58,TEMP,0.0
2551,2026-05-01 16:11:53,TEMP,0.0
2549,2026-05-01 16:11:48,TEMP,0.0
2547,2026-05-01 16:11:43,TEMP,0.0
2545,2026-05-01 16:11:38,TEMP,0.0
2543,2026-05-01 16:11:33,TEMP,0.0
2541,2026-05-01 16:11:28,TEMP,0.0
2539,2026-05-01 16:11:23,TEMP,0.0
2537,2026-05-01 16:11:18,TEMP,0.0
2535,2026-05-01 16:11:13,TEMP,0.0
2533,2026-05-01 16:11:08,TEMP,0.0
2531,2026-05-01 16:11:03,TEMP,0.0
2529,2026-05-01 16:10:58,TEMP,0.0
2527,2026-05-01 16:10:52,TEMP,0.0
2525,2026-05-01 16:10:47,TEMP,0.0
2523,2026-05-01 16:10:42,TEMP,0.0
2521,2026-05-01 16:10:37,TEMP,0.0
2519,2026-05-01 16:10:32,TEMP,0.0
2517,2026-05-01 16:10:27,TEMP,0.0
2515,2026-05-01 16:10:22,TEMP,0.0
2513,2026-05-01 16:10:17,TEMP,0.0
2511,2026-05-01 16:10:12,TEMP,0.0
2509,2026-05-01 16:10:07,TEMP,0.0
2507,2026-05-01 16:10:02,TEMP,0.0
2505,2026-05-01 16:09:57,TEMP,0.0
2503,2026-05-01 16:09:52,TEMP,0.0
2501,2026-05-01 16:09:46,TEMP,0.0
2499,2026-05-01 16:09:41,TEMP,0.0
2497,2026-05-01 16:09:36,TEMP,0.0
2495,2026-05-01 16:09:31,TEMP,0.0
2493,2026-05-01 16:09:26,TEMP,0.0
2491,2026-05-01 16:09:21,TEMP,0.0
2489,2026-05-01 16:09:16,TEMP,0.0
2487,2026-05-01 16:09:11,TEMP,0.0
2485,2026-05-01 16:09:06,TEMP,0.0
2483,2026-05-01 16:09:01,TEMP,0.0
2481,2026-05-01 16:08:56,TEMP,0.0
2479,2026-05-01 16:08:51,TEMP,0.0
2477,2026-05-01 16:08:46,TEMP,0.0
2475,2026-05-01 16:08:41,TEMP,0.0
2473,2026-05-01 16:08:36,TEMP,0.0
2471,2026-05-01 16:08:31,TEMP,0.0
2469,2026-05-01 16:08:26,TEMP,0.0
2467,2026-05-01 16:08:21,TEMP,0.0
2465,2026-05-01 16:08:16,TEMP,0.0
2463,2026-05-01 16:08:11,TEMP,0.0
2461,2026-05-01 16:08:06,TEMP,0.0
2459,2026-05-01 16:08:01,TEMP,0.0
2457,2026-05-01 16:07:55,TEMP,0.0
2455,2026-05-01 16:07:50,TEMP,0.0
2453,2026-05-01 16:07:45,TEMP,0.0
2451,2026-05-01 16:07:40,TEMP,0.0
2449,2026-05-01 16:07:35,TEMP,0.0
2447,2026-05-01 16:07:30,TEMP,0.0
2445,2026-05-01 16:07:25,TEMP,0.0
2443,2026-05-01 16:07:20,TEMP,0.0
2441,2026-05-01 16:07:15,TEMP,0.0
2439,2026-05-01 16:07:10,TEMP,0.0
2437,2026-05-01 16:07:05,TEMP,0.0
2435,2026-05-01 16:06:59,TEMP,0.0
2433,2026-05-01 16:06:54,TEMP,0.0
2431,2026-05-01 16:06:49,TEMP,0.0
2429,2026-05-01 16:06:44,TEMP,0.0
2427,2026-05-01 16:06:39,TEMP,0.0
2425,2026-05-01 16:06:34,TEMP,0.0
2423,2026-05-01 16:06:29,TEMP,0.0
2421,2026-05-01 16:06:24,TEMP,0.0
2419,2026-05-01 16:06:19,TEMP,0.0
2417,2026-05-01 16:06:14,TEMP,0.0
2415,2026-05-01 16:06:09,TEMP,0.0
2413,2026-05-01 16:06:04,TEMP,0.0
2411,2026-05-01 16:05:59,TEMP,0.0
2409,2026-05-01 16:05:54,TEMP,0.0
2407,2026-05-01 16:05:48,TEMP,0.0
2405,2026-05-01 16:05:43,TEMP,0.0
2403,2026-05-01 16:05:38,TEMP,0.0
2401,2026-05-01 16:05:33,TEMP,0.0
2399,2026-05-01 16:05:28,TEMP,0.0
2397,2026-05-01 16:05:23,TEMP,0.0
2395,2026-05-01 16:05:18,TEMP,0.0
2393,2026-05-01 16:05:13,TEMP,0.0
2391,2026-05-01 16:05:08,TEMP,0.0
2389,2026-05-01 16:05:03,TEMP,0.0
2387,2026-05-01 16:04:58,TEMP,0.0
2385,2026-05-01 16:04:53,TEMP,0.0
2383,2026-05-01 16:04:48,TEMP,0.0
2381,2026-05-01 16:04:43,TEMP,0.0
2379,2026-05-01 16:04:37,TEMP,0.0
2377,2026-05-01 16:04:32,TEMP,0.0
2375,2026-05-01 16:04:27,TEMP,0.0
2373,2026-05-01 16:04:22,TEMP,0.0
2371,2026-05-01 16:04:17,TEMP,0.0
2369,2026-05-01 16:04:12,TEMP,0.0
2367,2026-05-01 16:04:07,TEMP,0.0
2365,2026-05-01 16:04:02,TEMP,0.0
2363,2026-05-01 16:03:57,TEMP,0.0
2361,2026-05-01 16:03:52,TEMP,0.0
2359,2026-05-01 16:03:47,TEMP,0.0
2357,2026-05-01 16:03:42,TEMP,0.0
2355,2026-05-01 16:03:37,TEMP,0.0
2353,2026-05-01 16:03:32,TEMP,0.0
2351,2026-05-01 16:03:26,TEMP,0.0
2349,2026-05-01 16:03:21,TEMP,0.0
2347,2026-05-01 16:03:16,TEMP,0.0
2345,2026-05-01 16:03:11,TEMP,0.0
2343,2026-05-01 16:03:06,TEMP,0.0
2341,2026-05-01 16:03:01,TEMP,0.0
2339,2026-05-01 16:02:56,TEMP,0.0
2337,2026-05-01 16:02:51,TEMP,0.0
2335,2026-05-01 16:02:46,TEMP,0.0
2333,2026-05-01 16:02:41,TEMP,0.0
2331,2026-05-01 16:02:36,TEMP,0.0
2329,2026-05-01 16:02:31,TEMP,0.0
2327,2026-05-01 16:02:25,TEMP,0.0
2325,2026-05-01 16:02:20,TEMP,0.0
2323,2026-05-01 16:02:15,TEMP,0.0
2321,2026-05-01 16:02:10,TEMP,0.0
2319,2026-05-01 16:02:05,TEMP,0.0
2317,2026-05-01 16:02:00,TEMP,0.0
2315,2026-05-01 16:01:55,TEMP,0.0
2313,2026-05-01 16:01:50,TEMP,0.0
2311,2026-05-01 16:01:45,TEMP,0.0
2309,2026-05-01 16:01:40,TEMP,0.0
2307,2026-05-01 16:01:35,TEMP,0.0
2305,2026-05-01 16:01:30,TEMP,0.0
2303,2026-05-01 16:01:25,TEMP,0.0
2301,2026-05-01 16:01:20,TEMP,0.0
2299,2026-05-01 16:01:15,TEMP,0.0
2297,2026-05-01 16:01:10,TEMP,0.0
2295,2026-05-01 16:01:05,TEMP,0.0
2293,2026-05-01 16:00:59,TEMP,0.0
2291,2026-05-01 16:00:54,TEMP,0.0
2289,2026-05-01 16:00:49,TEMP,0.0
2287,2026-05-01 16:00:44,TEMP,0.0
2285,2026-05-01 16:00:39,TEMP,0.0
2283,2026-05-01 16:00:34,TEMP,0.0
2281,2026-05-01 16:00:29,TEMP,0.0
2279,2026-05-01 16:00:24,TEMP,0.0
2277,2026-05-01 16:00:19,TEMP,0.0
2275,2026-05-01 16:00:14,TEMP,0.0
2273,2026-05-01 16:00:09,TEMP,0.0
2271,2026-05-01 16:00:04,TEMP,0.0
2269,2026-05-01 15:59:59,TEMP,0.0
2267,2026-05-01 15:59:54,TEMP,0.0
2265,2026-05-01 15:59:49,TEMP,0.0
2263,2026-05-01 15:57:49,TEMP,0.0
2261,2026-05-01 15:57:44,TEMP,0.0
2259,2026-05-01 15:57:39,TEMP,0.0
2257,2026-05-01 15:57:34,TEMP,0.0
2255,2026-05-01 15:57:29,TEMP,0.0
2253,2026-05-01 15:55:35,TEMP,0.0
2251,2026-05-01 15:55:30,TEMP,0.0
2249,2026-05-01 15:54:47,TEMP,0.0
2247,2026-05-01 15:54:42,TEMP,0.0
2245,2026-05-01 15:54:37,TEMP,0.0
2243,2026-05-01 15:54:32,TEMP,0.0
2241,2026-05-01 15:54:20,TEMP,0.0
2239,2026-05-01 15:54:15,TEMP,0.0
2237,2026-05-01 15:54:10,TEMP,0.0
2235,2026-05-01 15:54:04,TEMP,0.0
2233,2026-05-01 15:53:59,TEMP,0.0
2231,2026-05-01 15:53:54,TEMP,0.0
2229,2026-05-01 15:53:49,TEMP,0.0
2227,2026-05-01 15:53:44,TEMP,0.0
2225,2026-05-01 15:53:39,TEMP,0.0
2223,2026-05-01 15:53:34,TEMP,0.0
2221,2026-05-01 15:53:29,TEMP,0.0
2219,2026-05-01 15:53:24,TEMP,0.0
2217,2026-05-01 15:53:19,TEMP,0.0
2215,2026-05-01 15:53:14,TEMP,0.0
2213,2026-05-01 15:53:09,TEMP,0.0
2211,2026-05-01 15:53:04,TEMP,0.0
2209,2026-05-01 15:52:50,TEMP,0.0
2207,2026-05-01 15:52:45,TEMP,0.0
2205,2026-05-01 15:52:39,TEMP,0.0
2203,2026-05-01 15:52:34,TEMP,0.0
2201,2026-05-01 15:52:29,TEMP,0.0
2199,2026-05-01 15:52:24,TEMP,0.0
2197,2026-05-01 15:52:19,TEMP,0.0
2195,2026-05-01 15:52:14,TEMP,0.0
2193,2026-05-01 15:52:09,TEMP,0.0
2191,2026-05-01 15:52:04,TEMP,0.0
2189,2026-05-01 15:51:59,TEMP,0.0
2187,2026-05-01 15:51:54,TEMP,0.0
2185,2026-05-01 15:51:49,TEMP,0.0
2183,2026-05-01 15:51:44,TEMP,0.0
2181,2026-05-01 15:51:39,TEMP,0.0
2179,2026-05-01 15:51:34,TEMP,0.0
2177,2026-05-01 15:51:29,TEMP,0.0
2175,2026-05-01 15:51:24,TEMP,0.0
2173,2026-05-01 15:51:18,TEMP,0.0
2171,2026-05-01 15:51:13,TEMP,0.0
2169,2026-05-01 15:51:08,TEMP,0.0
2167,2026-05-01 15:51:03,TEMP,0.0
2165,2026-05-01 15:50:58,TEMP,0.0
2163,2026-05-01 15:50:53,TEMP,0.0
2161,2026-05-01 15:50:48,TEMP,0.0
2159,2026-05-01 15:50:43,TEMP,0.0
2157,2026-05-01 15:50:38,TEMP,0.0
2155,2026-05-01 15:50:33,TEMP,0.0
2153,2026-05-01 15:50:28,TEMP,0.0
2151,2026-05-01 15:50:23,TEMP,0.0
2149,2026-05-01 15:50:18,TEMP,0.0
2147,2026-05-01 15:50:13,TEMP,0.0
2145,2026-05-01 15:50:07,TEMP,0.0
2143,2026-05-01 15:50:02,TEMP,0.0
2141,2026-05-01 15:49:57,TEMP,0.0
2139,2026-05-01 15:49:52,TEMP,0.0
2137,2026-05-01 15:49:47,TEMP,0.0
2135,2026-05-01 15:49:42,TEMP,0.0
2133,2026-05-01 15:49:37,TEMP,0.0
2131,2026-05-01 15:49:32,TEMP,0.0
2129,2026-05-01 15:49:27,TEMP,0.0
2127,2026-05-01 15:49:22,TEMP,0.0
2125,2026-05-01 15:49:17,TEMP,0.0
2123,2026-05-01 15:49:12,TEMP,0.0
2121,2026-05-01 15:49:07,TEMP,0.0
2119,2026-05-01 15:49:01,TEMP,0.0
2117,2026-05-01 15:48:56,TEMP,0.0
2115,2026-05-01 15:48:51,TEMP,0.0
2113,2026-05-01 15:48:46,TEMP,0.0
2111,2026-05-01 15:48:41,TEMP,0.0
2109,2026-05-01 15:48:36,TEMP,0.0
2107,2026-05-01 15:48:31,TEMP,0.0
2105,2026-05-01 15:48:26,TEMP,0.0
2103,2026-05-01 15:48:21,TEMP,0.0
2101,2026-05-01 15:48:16,TEMP,0.0
2099,2026-05-01 15:48:11,TEMP,0.0
2097,2026-05-01 15:48:06,TEMP,0.0
2095,2026-05-01 15:48:01,TEMP,0.0
2093,2026-05-01 15:47:56,TEMP,0.0
2091,2026-05-01 15:47:50,TEMP,0.0
2089,2026-05-01 15:47:45,TEMP,0.0
2087,2026-05-01 15:47:40,TEMP,0.0
2085,2026-05-01 15:47:35,TEMP,0.0
2083,2026-05-01 15:47:30,TEMP,0.0
2081,2026-05-01 15:47:25,TEMP,0.0
2079,2026-05-01 15:47:20,TEMP,0.0
2077,2026-05-01 15:47:15,TEMP,0.0
2075,2026-05-01 15:47:10,TEMP,0.0
2073,2026-05-01 15:47:05,TEMP,0.0
2071,2026-05-01 15:47:00,TEMP,0.0
2069,2026-05-01 15:46:55,TEMP,0.0
2067,2026-05-01 15:46:50,TEMP,0.0
2065,2026-05-01 15:46:45,TEMP,0.0
2063,2026-05-01 15:46:40,TEMP,0.0
2061,2026-05-01 15:46:34,TEMP,0.0
2059,2026-05-01 15:46:29,TEMP,0.0
2057,2026-05-01 15:46:24,TEMP,0.0
2055,2026-05-01 15:46:19,TEMP,0.0
2053,2026-05-01 15:46:14,TEMP,0.0
2051,2026-05-01 15:46:09,TEMP,0.0
2049,2026-05-01 15:46:04,TEMP,0.0
2047,2026-05-01 15:45:59,TEMP,0.0
2045,2026-05-01 15:45:54,TEMP,0.0
2043,2026-05-01 15:45:49,TEMP,0.0
2041,2026-05-01 15:45:44,TEMP,0.0
2039,2026-05-01 15:45:39,TEMP,0.0
2037,2026-05-01 15:45:25,TEMP,0.0
2035,2026-05-01 15:45:20,TEMP,0.0
2033,2026-05-01 15:45:15,TEMP,0.0
2031,2026-05-01 15:45:10,TEMP,0.0
2029,2026-05-01 15:45:05,TEMP,0.0
2027,2026-05-01 15:45:00,TEMP,0.0
2025,2026-04-28 16:53:27,TEMP,12.916399955749512
2023,2026-04-28 16:53:21,TEMP,12.916399955749512
2021,2026-04-28 16:53:16,TEMP,12.916399955749512
2019,2026-04-28 16:53:11,TEMP,12.916399955749512
2017,2026-04-28 16:53:06,TEMP,12.916399955749512
2015,2026-04-28 16:53:01,TEMP,12.916399955749512
2013,2026-04-28 16:52:56,TEMP,12.916399955749512
2011,2026-04-28 16:52:51,TEMP,12.916399955749512
2009,2026-04-28 16:52:40,TEMP,12.916399955749512
2007,2026-04-28 16:52:35,TEMP,12.916399955749512
2005,2026-04-28 16:52:30,TEMP,12.916399955749512
2003,2026-04-28 16:52:24,TEMP,12.916399955749512
2001,2026-04-28 16:52:19,TEMP,12.916399955749512
1999,2026-04-28 16:52:14,TEMP,12.916399955749512
1997,2026-04-28 16:52:09,TEMP,12.916399955749512
1995,2026-04-28 16:52:04,TEMP,12.916399955749512
1993,2026-04-28 16:51:59,TEMP,12.916399955749512
1991,2026-04-28 16:51:54,TEMP,12.916399955749512
1989,2026-04-28 16:51:49,TEMP,12.916399955749512
1987,2026-04-28 16:51:44,TEMP,12.916399955749512
1985,2026-04-28 16:51:39,TEMP,12.916399955749512
1983,2026-04-28 16:51:34,TEMP,12.916399955749512
1981,2026-04-28 16:51:29,TEMP,12.916399955749512
1979,2026-04-28 16:51:24,TEMP,12.916399955749512
1977,2026-04-28 16:51:18,TEMP,12.916399955749512
1975,2026-04-28 16:51:13,TEMP,12.916399955749512
1973,2026-04-28 16:51:08,TEMP,12.916399955749512
1971,2026-04-28 16:51:03,TEMP,12.916399955749512
1969,2026-04-28 16:50:58,TEMP,12.916399955749512
1967,2026-04-28 16:50:53,TEMP,12.916399955749512
1965,2026-04-28 16:50:48,TEMP,12.916399955749512
1963,2026-04-28 16:50:43,TEMP,12.916399955749512
1961,2026-04-28 16:50:38,TEMP,12.916399955749512
1959,2026-04-28 16:50:33,TEMP,12.916399955749512
1957,2026-04-28 16:50:28,TEMP,12.916399955749512
1955,2026-04-28 16:50:23,TEMP,12.916399955749512
1953,2026-04-28 16:50:17,TEMP,12.916399955749512
1951,2026-04-28 16:50:12,TEMP,12.916399955749512
1949,2026-04-28 16:50:07,TEMP,12.916399955749512
1947,2026-04-28 16:50:02,TEMP,12.916399955749512
1945,2026-04-28 16:49:57,TEMP,12.916399955749512
1943,2026-04-28 16:49:52,TEMP,12.916399955749512
1941,2026-04-28 16:49:47,TEMP,12.916399955749512
1939,2026-04-28 16:49:42,TEMP,12.916399955749512
1937,2026-04-28 16:49:37,TEMP,12.916399955749512
1935,2026-04-28 16:49:32,TEMP,12.916399955749512
1933,2026-04-28 16:49:27,TEMP,12.916399955749512
1931,2026-04-28 16:49:22,TEMP,12.916399955749512
1929,2026-04-28 16:49:17,TEMP,12.916399955749512
1927,2026-04-28 16:49:12,TEMP,12.916399955749512
1925,2026-04-28 16:49:06,TEMP,12.916399955749512
1923,2026-04-28 16:49:01,TEMP,12.916399955749512
1921,2026-04-28 16:48:56,TEMP,12.916399955749512
1919,2026-04-28 16:46:53,TEMP,12.916399955749512
1917,2026-04-28 16:46:48,TEMP,12.916399955749512
1915,2026-04-28 16:46:43,TEMP,12.916399955749512
1913,2026-04-28 16:46:38,TEMP,12.916399955749512
1911,2026-04-28 16:46:33,TEMP,12.916399955749512
1909,2026-04-28 16:11:12,TEMP,12.916399955749512
1907,2026-04-28 16:11:07,TEMP,12.916399955749512
1905,2026-04-28 16:11:02,TEMP,12.916399955749512
1903,2026-04-28 16:10:56,TEMP,12.916399955749512
1901,2026-04-28 16:10:51,TEMP,12.916399955749512
1899,2026-04-28 16:10:46,TEMP,12.916399955749512
1897,2026-04-28 16:10:41,TEMP,12.916399955749512
1895,2026-04-28 16:10:36,TEMP,12.916399955749512
1893,2026-04-28 16:10:31,TEMP,12.916399955749512
1891,2026-04-28 16:10:26,TEMP,12.916399955749512
1889,2026-04-28 16:10:21,TEMP,12.916399955749512
1887,2026-04-28 16:10:16,TEMP,12.916399955749512
1885,2026-04-28 16:10:11,TEMP,12.916399955749512
1883,2026-04-28 16:10:06,TEMP,12.916399955749512
1881,2026-04-28 16:10:01,TEMP,12.916399955749512
1879,2026-04-28 16:09:56,TEMP,12.916399955749512
1877,2026-04-28 16:09:51,TEMP,12.916399955749512
1875,2026-04-28 16:09:45,TEMP,12.916399955749512
1873,2026-04-28 16:09:40,TEMP,12.916399955749512
1871,2026-04-28 16:09:35,TEMP,12.916399955749512
1869,2026-04-28 16:09:30,TEMP,12.916399955749512
1867,2026-04-28 16:09:25,TEMP,12.916399955749512
1865,2026-04-28 16:09:20,TEMP,12.916399955749512
1863,2026-04-28 16:09:15,TEMP,12.916399955749512
1861,2026-04-28 16:09:10,TEMP,12.916399955749512
1859,2026-04-28 16:09:05,TEMP,12.916399955749512
1857,2026-04-28 16:09:00,TEMP,12.916399955749512
1855,2026-04-28 16:08:55,TEMP,12.916399955749512
1853,2026-04-28 16:08:50,TEMP,12.916399955749512
1851,2026-04-28 16:08:44,TEMP,12.916399955749512
1849,2026-04-28 16:08:39,TEMP,12.916399955749512
1847,2026-04-28 16:08:34,TEMP,12.916399955749512
1845,2026-04-28 16:08:29,TEMP,12.916399955749512
1843,2026-04-28 16:08:24,TEMP,12.916399955749512
1841,2026-04-28 16:08:19,TEMP,12.916399955749512
1839,2026-04-28 16:08:14,TEMP,12.916399955749512
1837,2026-04-28 16:08:09,TEMP,12.916399955749512
1835,2026-04-28 16:08:04,TEMP,12.916399955749512
1833,2026-04-28 16:07:59,TEMP,12.916399955749512
1831,2026-04-28 16:07:54,TEMP,12.916399955749512
1829,2026-04-28 16:07:49,TEMP,12.916399955749512
1827,2026-04-28 16:07:44,TEMP,12.916399955749512
1825,2026-04-28 16:07:39,TEMP,12.916399955749512
1823,2026-04-28 16:07:34,TEMP,12.916399955749512
1821,2026-04-28 16:07:29,TEMP,12.916399955749512
1819,2026-04-28 16:07:24,TEMP,12.916399955749512
1817,2026-04-28 16:07:18,TEMP,12.916399955749512
1815,2026-04-28 16:07:13,TEMP,12.916399955749512
1813,2026-04-28 16:07:08,TEMP,12.916399955749512
1811,2026-04-28 16:07:03,TEMP,12.916399955749512
1809,2026-04-28 16:06:58,TEMP,12.916399955749512
1807,2026-04-28 16:06:53,TEMP,12.916399955749512
1805,2026-04-28 16:06:48,TEMP,12.916399955749512
1803,2026-04-28 16:06:43,TEMP,12.916399955749512
1801,2026-04-28 16:06:38,TEMP,12.916399955749512
1799,2026-04-28 16:06:33,TEMP,12.916399955749512
1797,2026-04-28 16:06:28,TEMP,12.916399955749512
1795,2026-04-28 16:06:23,TEMP,12.916399955749512
1793,2026-04-28 16:06:18,TEMP,12.916399955749512
1791,2026-04-28 16:06:13,TEMP,12.916399955749512
1789,2026-04-28 16:06:08,TEMP,12.916399955749512
1787,2026-04-28 16:06:03,TEMP,12.916399955749512
1785,2026-04-28 16:05:58,TEMP,12.916399955749512
1783,2026-04-28 16:05:53,TEMP,12.916399955749512
1781,2026-04-28 16:05:48,TEMP,12.916399955749512
1779,2026-04-28 16:05:43,TEMP,12.916399955749512
1777,2026-04-28 16:05:38,TEMP,12.916399955749512
1775,2026-04-28 16:05:32,TEMP,12.916399955749512
1773,2026-04-28 16:05:27,TEMP,12.916399955749512
1771,2026-04-28 16:05:22,TEMP,12.916399955749512
1769,2026-04-28 16:05:17,TEMP,12.916399955749512
1767,2026-04-28 16:05:12,TEMP,12.916399955749512
1765,2026-04-28 16:05:07,TEMP,12.916399955749512
1763,2026-04-28 16:05:02,TEMP,12.916399955749512
1761,2026-04-28 16:04:57,TEMP,12.916399955749512
1759,2026-04-28 16:04:52,TEMP,12.916399955749512
1757,2026-04-28 16:04:47,TEMP,12.916399955749512
1755,2026-04-28 16:04:42,TEMP,12.916399955749512
1753,2026-04-28 16:04:37,TEMP,12.916399955749512
1751,2026-04-28 16:04:32,TEMP,12.916399955749512
1749,2026-04-28 16:04:26,TEMP,12.916399955749512
1747,2026-04-28 16:04:21,TEMP,12.916399955749512
1745,2026-04-28 16:04:16,TEMP,12.916399955749512
1743,2026-04-28 16:04:11,TEMP,12.916399955749512
1741,2026-04-28 16:04:06,TEMP,12.916399955749512
1739,2026-04-28 16:04:01,TEMP,12.916399955749512
1737,2026-04-28 16:03:56,TEMP,12.916399955749512
1735,2026-04-28 16:03:42,TEMP,12.916399955749512
1733,2026-04-28 16:03:37,TEMP,12.916399955749512
1731,2026-04-28 16:03:32,TEMP,12.916399955749512
1729,2026-04-28 16:03:27,TEMP,12.916399955749512
1727,2026-04-28 16:03:22,TEMP,12.916399955749512
1725,2026-04-28 16:03:17,TEMP,12.916399955749512
1723,2026-04-28 16:03:12,TEMP,12.916399955749512
1721,2026-04-28 16:03:07,TEMP,12.916399955749512
1719,2026-04-28 16:03:02,TEMP,12.916399955749512
1717,2026-04-28 16:02:56,TEMP,12.916399955749512
1715,2026-04-28 16:02:51,TEMP,12.916399955749512
1713,2026-04-28 16:02:46,TEMP,12.916399955749512
1711,2026-04-28 16:02:41,TEMP,12.916399955749512
1709,2026-04-28 16:02:36,TEMP,12.916399955749512
1707,2026-04-28 16:02:31,TEMP,12.916399955749512
1705,2026-04-28 16:02:26,TEMP,12.916399955749512
1703,2026-04-28 16:02:21,TEMP,12.916399955749512
1701,2026-04-28 16:02:16,TEMP,12.916399955749512
1699,2026-04-28 16:02:11,TEMP,12.916399955749512
1697,2026-04-28 16:02:06,TEMP,12.916399955749512
1695,2026-04-28 16:02:01,TEMP,12.916399955749512
1693,2026-04-28 16:01:56,TEMP,12.916399955749512
1691,2026-04-28 16:01:51,TEMP,12.916399955749512
1689,2026-04-28 16:01:45,TEMP,12.916399955749512
1687,2026-04-28 16:01:40,TEMP,12.916399955749512
1685,2026-04-28 16:01:35,TEMP,12.916399955749512
1683,2026-04-28 16:01:30,TEMP,12.916399955749512
1681,2026-04-28 16:01:25,TEMP,12.916399955749512
1679,2026-04-28 16:01:20,TEMP,12.916399955749512
1677,2026-04-28 16:01:15,TEMP,12.916399955749512
1675,2026-04-28 16:01:10,TEMP,12.916399955749512
1673,2026-04-28 16:01:05,TEMP,12.916399955749512
1671,2026-04-28 16:01:00,TEMP,12.916399955749512
1669,2026-04-28 16:00:55,TEMP,12.916399955749512
1667,2026-04-28 16:00:49,TEMP,12.916399955749512
1665,2026-04-28 16:00:44,TEMP,12.916399955749512
1663,2026-04-28 16:00:39,TEMP,12.916399955749512
1661,2026-04-28 16:00:34,TEMP,12.916399955749512
1659,2026-04-28 16:00:29,TEMP,12.916399955749512
1657,2026-04-28 16:00:24,TEMP,12.916399955749512
1655,2026-04-28 16:00:19,TEMP,12.916399955749512
1653,2026-04-28 16:00:14,TEMP,12.916399955749512
1651,2026-04-28 16:00:09,TEMP,12.916399955749512
1649,2026-04-28 16:00:04,TEMP,12.916399955749512
1647,2026-04-28 15:59:59,TEMP,12.916399955749512
1645,2026-04-28 15:59:54,TEMP,12.916399955749512
1643,2026-04-28 15:59:49,TEMP,12.916399955749512
1641,2026-04-28 15:59:43,TEMP,12.916399955749512
1639,2026-04-28 15:59:38,TEMP,12.916399955749512
1637,2026-04-28 15:59:33,TEMP,12.916399955749512
1635,2026-04-28 15:51:09,TEMP,12.916399955749512
1633,2026-04-28 15:51:04,TEMP,12.916399955749512
1631,2026-04-28 15:50:59,TEMP,12.916399955749512
1629,2026-04-28 15:50:54,TEMP,12.916399955749512
1627,2026-04-28 15:50:49,TEMP,12.916399955749512
1625,2026-04-28 15:50:43,TEMP,12.916399955749512
1623,2026-04-28 15:50:38,TEMP,12.916399955749512
1621,2026-04-28 15:50:33,TEMP,12.916399955749512
1619,2026-04-28 15:50:28,TEMP,12.916399955749512
1617,2026-04-28 15:50:23,TEMP,12.916399955749512
1615,2026-04-28 15:50:18,TEMP,12.916399955749512
1613,2026-04-28 15:50:13,TEMP,12.916399955749512
1611,2026-04-28 15:50:08,TEMP,12.916399955749512
1609,2026-04-28 14:18:22,TEMP,12.916399955749512
1607,2026-04-28 14:17:07,TEMP,12.916399955749512
1605,2026-04-28 14:17:02,TEMP,12.916399955749512
1603,2026-04-28 14:16:57,TEMP,12.916399955749512
1601,2026-04-28 14:16:52,TEMP,12.916399955749512
1599,2026-04-28 14:16:47,TEMP,12.916399955749512
1597,2026-04-28 14:16:42,TEMP,12.916399955749512
1595,2026-04-28 14:16:37,TEMP,12.916399955749512
1593,2026-04-28 14:16:32,TEMP,12.916399955749512
1591,2026-04-28 14:16:27,TEMP,12.916399955749512
1589,2026-04-28 14:16:22,TEMP,12.916399955749512
1587,2026-04-28 14:16:17,TEMP,12.916399955749512
1585,2026-04-28 14:16:11,TEMP,12.916399955749512
1583,2026-04-28 14:16:06,TEMP,12.916399955749512
1581,2026-04-28 14:16:01,TEMP,12.916399955749512
1579,2026-04-28 14:15:56,TEMP,12.916399955749512
1577,2026-04-28 14:15:51,TEMP,12.916399955749512
1575,2026-04-28 14:15:46,TEMP,12.916399955749512
1573,2026-04-28 14:15:41,TEMP,12.916399955749512
1571,2026-04-28 14:15:36,TEMP,12.916399955749512
1569,2026-04-28 14:15:31,TEMP,12.916399955749512
1567,2026-04-28 14:15:26,TEMP,12.916399955749512
1565,2026-04-28 14:15:21,TEMP,12.916399955749512
1563,2026-04-28 14:15:15,TEMP,12.916399955749512
1561,2026-04-28 14:15:10,TEMP,12.916399955749512
1559,2026-04-28 14:15:05,TEMP,12.916399955749512
1557,2026-04-28 14:15:00,TEMP,12.916399955749512
1555,2026-04-28 14:14:55,TEMP,12.916399955749512
1553,2026-04-28 14:14:50,TEMP,12.916399955749512
1551,2026-04-28 14:14:45,TEMP,12.916399955749512
1549,2026-04-28 14:14:40,TEMP,12.916399955749512
1547,2026-04-28 14:14:35,TEMP,12.916399955749512
1545,2026-04-28 14:14:30,TEMP,12.916399955749512
1543,2026-04-28 14:14:25,TEMP,12.916399955749512
1541,2026-04-28 14:14:20,TEMP,12.916399955749512
1539,2026-04-28 14:14:15,TEMP,12.916399955749512
1537,2026-04-28 14:14:10,TEMP,12.916399955749512
1535,2026-04-28 14:14:04,TEMP,12.916399955749512
1533,2026-04-28 14:13:59,TEMP,12.916399955749512
1531,2026-04-28 14:13:54,TEMP,12.916399955749512
1529,2026-04-28 14:13:49,TEMP,12.916399955749512
1527,2026-04-28 14:13:44,TEMP,12.916399955749512
1525,2026-04-28 14:13:39,TEMP,12.916399955749512
1523,2026-04-28 14:13:34,TEMP,12.916399955749512
1521,2026-04-28 14:13:29,TEMP,12.916399955749512
1519,2026-04-28 14:13:24,TEMP,12.916399955749512
1517,2026-04-28 14:13:19,TEMP,12.916399955749512
1515,2026-04-28 14:13:14,TEMP,12.916399955749512
1513,2026-04-28 14:13:09,TEMP,12.916399955749512
1511,2026-04-28 14:13:03,TEMP,12.916399955749512
1509,2026-04-28 14:12:58,TEMP,12.916399955749512
1507,2026-04-28 14:12:53,TEMP,12.916399955749512
1505,2026-04-28 14:12:48,TEMP,12.916399955749512
1503,2026-04-28 14:12:43,TEMP,12.916399955749512
1501,2026-04-28 14:12:38,TEMP,12.916399955749512
1499,2026-04-28 14:12:33,TEMP,12.916399955749512
1497,2026-04-28 14:12:28,TEMP,12.916399955749512
1495,2026-04-28 14:12:23,TEMP,12.916399955749512
1493,2026-04-28 14:12:18,TEMP,12.916399955749512
1491,2026-04-28 14:12:13,TEMP,12.916399955749512
1489,2026-04-28 14:12:08,TEMP,12.916399955749512
1487,2026-04-28 14:12:03,TEMP,12.916399955749512
1485,2026-04-28 14:11:58,TEMP,12.916399955749512
1483,2026-04-28 14:11:53,TEMP,12.916399955749512
1481,2026-04-28 14:11:48,TEMP,12.916399955749512
1479,2026-04-28 14:11:42,TEMP,12.916399955749512
1477,2026-04-28 14:11:37,TEMP,12.916399955749512
1475,2026-04-28 14:11:32,TEMP,12.916399955749512
1473,2026-04-28 14:11:27,TEMP,12.916399955749512
1471,2026-04-28 14:11:22,TEMP,12.916399955749512
1469,2026-04-28 14:11:17,TEMP,12.916399955749512
1467,2026-04-28 14:11:12,TEMP,12.916399955749512
1465,2026-04-28 14:11:07,TEMP,12.916399955749512
1463,2026-04-28 14:11:02,TEMP,12.916399955749512
1461,2026-04-28 14:10:57,TEMP,12.916399955749512
1459,2026-04-28 14:10:52,TEMP,12.916399955749512
1457,2026-04-28 14:10:47,TEMP,12.916399955749512
1455,2026-04-28 14:10:42,TEMP,12.916399955749512
1453,2026-04-28 14:10:37,TEMP,12.916399955749512
1451,2026-04-28 11:34:21,TEMP,12.916399955749512
1449,2026-04-28 11:34:02,TEMP,12.916399955749512
1447,2026-04-28 11:33:57,TEMP,12.916399955749512
1445,2026-04-28 11:33:52,TEMP,12.916399955749512
1443,2026-04-28 11:33:35,TEMP,12.916399955749512
1441,2026-04-28 11:33:30,TEMP,12.916399955749512
1439,2026-04-28 11:33:25,TEMP,12.916399955749512
1437,2026-04-28 11:33:20,TEMP,12.916399955749512
1435,2026-04-28 11:33:15,TEMP,12.916399955749512
1433,2026-04-28 11:33:01,TEMP,12.916399955749512
1431,2026-04-28 11:32:56,TEMP,12.916399955749512
1429,2026-04-28 11:32:51,TEMP,12.916399955749512
1427,2026-04-28 11:32:46,TEMP,12.916399955749512
1425,2026-04-28 11:32:41,TEMP,12.916399955749512
1423,2026-04-28 11:32:36,TEMP,12.916399955749512
1421,2026-04-28 11:32:30,TEMP,12.916399955749512
1419,2026-04-28 11:32:25,TEMP,12.916399955749512
1417,2026-04-28 11:32:20,TEMP,12.916399955749512
1415,2026-04-28 11:32:15,TEMP,12.916399955749512
1413,2026-04-28 11:32:10,TEMP,12.916399955749512
1411,2026-04-28 11:32:05,TEMP,12.916399955749512
1409,2026-04-28 11:32:00,TEMP,12.916399955749512
1407,2026-04-28 11:31:55,TEMP,12.916399955749512
1405,2026-04-28 11:31:50,TEMP,12.916399955749512
1403,2026-04-28 11:31:45,TEMP,12.916399955749512
1401,2026-04-28 11:31:40,TEMP,12.916399955749512
1399,2026-04-28 11:31:35,TEMP,12.916399955749512
1397,2026-04-28 11:31:30,TEMP,12.916399955749512
1395,2026-04-28 11:31:25,TEMP,12.916399955749512
1393,2026-04-28 11:31:20,TEMP,12.916399955749512
1391,2026-04-28 11:31:15,TEMP,12.916399955749512
1389,2026-04-28 11:31:10,TEMP,12.916399955749512
1387,2026-04-28 11:31:05,TEMP,12.916399955749512
1385,2026-04-28 11:30:59,TEMP,12.916399955749512
1383,2026-04-28 11:30:54,TEMP,12.916399955749512
1381,2026-04-28 11:30:49,TEMP,12.916399955749512
1379,2026-04-28 11:30:44,TEMP,12.916399955749512
1377,2026-04-28 11:30:39,TEMP,12.916399955749512
1375,2026-04-28 11:30:34,TEMP,12.916399955749512
1373,2026-04-28 11:30:29,TEMP,12.916399955749512
1371,2026-04-28 11:30:24,TEMP,12.916399955749512
1369,2026-04-28 11:30:19,TEMP,12.916399955749512
1367,2026-04-28 11:30:14,TEMP,12.916399955749512
1365,2026-04-28 11:30:09,TEMP,12.916399955749512
1363,2026-04-28 11:30:04,TEMP,12.916399955749512
1361,2026-04-28 11:29:58,TEMP,12.916399955749512
1359,2026-04-28 11:29:53,TEMP,12.916399955749512
1357,2026-04-28 11:29:48,TEMP,12.916399955749512
1355,2026-04-28 11:29:43,TEMP,12.916399955749512
1353,2026-04-28 11:29:38,TEMP,12.916399955749512
1351,2026-04-28 11:29:33,TEMP,12.916399955749512
1349,2026-04-28 11:29:28,TEMP,12.916399955749512
1347,2026-04-28 11:28:10,TEMP,12.916399955749512
1345,2026-04-28 11:27:57,TEMP,12.916399955749512
1343,2026-04-28 11:27:51,TEMP,12.916399955749512
1341,2026-04-28 11:27:46,TEMP,12.916399955749512
1339,2026-04-28 11:27:41,TEMP,12.916399955749512
1337,2026-04-28 11:27:36,TEMP,12.916399955749512
1335,2026-04-28 11:27:31,TEMP,12.916399955749512
1333,2026-04-28 11:27:26,TEMP,12.916399955749512
1331,2026-04-28 11:27:21,TEMP,12.916399955749512
1329,2026-04-28 11:27:16,TEMP,12.916399955749512
1327,2026-04-28 11:27:11,TEMP,12.916399955749512
1325,2026-04-28 11:27:06,TEMP,12.916399955749512
1323,2026-04-28 11:27:01,TEMP,12.916399955749512
1321,2026-04-28 11:26:56,TEMP,12.916399955749512
1319,2026-04-28 11:26:51,TEMP,12.916399955749512
1317,2026-04-28 11:26:46,TEMP,12.916399955749512
1315,2026-04-28 11:26:41,TEMP,12.916399955749512
1313,2026-04-28 11:26:35,TEMP,12.916399955749512
1311,2026-04-28 11:26:30,TEMP,12.916399955749512
1309,2026-04-28 11:26:25,TEMP,12.916399955749512
1307,2026-04-28 11:26:20,TEMP,12.916399955749512
1305,2026-04-28 11:26:15,TEMP,12.916399955749512
1303,2026-04-28 11:26:10,TEMP,12.916399955749512
1301,2026-04-28 11:26:05,TEMP,12.916399955749512
1299,2026-04-28 11:26:00,TEMP,12.916399955749512
1297,2026-04-28 11:25:55,TEMP,12.916399955749512
1295,2026-04-28 11:25:50,TEMP,12.916399955749512
1293,2026-04-28 11:25:45,TEMP,12.916399955749512
1291,2026-04-28 11:25:40,TEMP,12.916399955749512
1289,2026-04-28 11:25:35,TEMP,12.916399955749512
1287,2026-04-28 11:25:30,TEMP,12.916399955749512
1285,2026-04-28 11:25:25,TEMP,12.916399955749512
1283,2026-04-28 11:25:20,TEMP,12.916399955749512
1281,2026-04-28 11:25:15,TEMP,12.916399955749512
1279,2026-04-28 11:25:09,TEMP,12.916399955749512
1277,2026-04-28 11:25:04,TEMP,12.916399955749512
1275,2026-04-28 11:24:59,TEMP,12.916399955749512
1273,2026-04-28 11:24:54,TEMP,12.916399955749512
1271,2026-04-28 11:24:49,TEMP,12.916399955749512
1269,2026-04-28 11:24:44,TEMP,12.916399955749512
1267,2026-04-28 11:24:39,TEMP,12.916399955749512
1265,2026-04-28 11:24:34,TEMP,12.916399955749512
1263,2026-04-28 11:24:29,TEMP,12.916399955749512
1261,2026-04-28 11:24:24,TEMP,12.916399955749512
1259,2026-04-28 11:24:19,TEMP,12.916399955749512
1257,2026-04-28 11:24:14,TEMP,12.916399955749512
1255,2026-04-28 11:24:09,TEMP,12.916399955749512
1253,2026-04-28 11:24:04,TEMP,12.916399955749512
1251,2026-04-28 11:23:59,TEMP,12.916399955749512
1249,2026-04-28 11:23:53,TEMP,12.916399955749512
1247,2026-04-28 11:23:48,TEMP,12.916399955749512
1245,2026-04-28 11:23:43,TEMP,12.916399955749512
1243,2026-04-28 11:23:38,TEMP,12.916399955749512
1241,2026-04-28 11:23:33,TEMP,12.916399955749512
1239,2026-04-28 11:23:28,TEMP,12.916399955749512
1237,2026-04-28 11:23:23,TEMP,12.916399955749512
1235,2026-04-28 11:23:18,TEMP,12.916399955749512
1233,2026-04-28 11:23:13,TEMP,12.916399955749512
1231,2026-04-28 11:23:08,TEMP,12.916399955749512
1229,2026-04-28 11:23:03,TEMP,12.916399955749512
1227,2026-04-28 11:22:58,TEMP,12.916399955749512
1225,2026-04-28 11:22:53,TEMP,12.916399955749512
1223,2026-04-28 11:22:47,TEMP,12.916399955749512
1221,2026-04-28 11:22:42,TEMP,12.916399955749512
1219,2026-04-28 11:22:37,TEMP,12.916399955749512
1217,2026-04-28 11:22:32,TEMP,12.916399955749512
1215,2026-04-28 11:22:27,TEMP,12.916399955749512
1213,2026-04-28 11:22:22,TEMP,12.916399955749512
1211,2026-04-28 11:22:17,TEMP,12.916399955749512
1209,2026-04-28 11:22:12,TEMP,12.916399955749512
1207,2026-04-28 11:22:07,TEMP,12.916399955749512
1205,2026-04-28 11:22:02,TEMP,12.916399955749512
1203,2026-04-28 11:21:57,TEMP,12.916399955749512
1201,2026-04-28 11:21:52,TEMP,12.916399955749512
1199,2026-04-28 11:21:47,TEMP,12.916399955749512
1197,2026-04-28 11:21:42,TEMP,12.916399955749512
1195,2026-04-28 11:21:36,TEMP,12.916399955749512
1193,2026-04-28 11:21:31,TEMP,12.916399955749512
1191,2026-04-28 11:21:26,TEMP,12.916399955749512
1189,2026-04-28 11:21:21,TEMP,12.916399955749512
1187,2026-04-28 11:21:05,TEMP,12.916399955749512
1185,2026-04-28 11:21:00,TEMP,12.916399955749512
1183,2026-04-28 11:20:55,TEMP,12.916399955749512
1181,2026-04-28 11:20:50,TEMP,12.916399955749512
1179,2026-04-28 11:20:45,TEMP,12.916399955749512
1177,2026-04-28 11:20:40,TEMP,12.916399955749512
1175,2026-04-28 11:20:35,TEMP,12.916399955749512
1173,2026-04-28 11:20:30,TEMP,12.916399955749512
1171,2026-04-28 11:20:25,TEMP,12.916399955749512
1169,2026-04-28 11:20:19,TEMP,12.916399955749512
1167,2026-04-28 11:20:14,TEMP,12.916399955749512
1165,2026-04-28 11:20:09,TEMP,12.916399955749512
1163,2026-04-28 11:20:04,TEMP,12.916399955749512
1161,2026-04-28 11:19:59,TEMP,12.916399955749512
1159,2026-04-28 11:19:54,TEMP,12.916399955749512
1157,2026-04-28 11:19:49,TEMP,12.916399955749512
1155,2026-04-28 11:19:44,TEMP,12.916399955749512
1153,2026-04-28 11:19:39,TEMP,12.916399955749512
1151,2026-04-28 11:19:34,TEMP,12.916399955749512
1149,2026-04-28 11:19:29,TEMP,12.916399955749512
1147,2026-04-28 11:19:24,TEMP,12.916399955749512
1145,2026-04-28 11:19:11,TEMP,12.916399955749512
1143,2026-04-28 11:19:06,TEMP,12.916399955749512
1141,2026-04-28 11:19:01,TEMP,12.916399955749512
1139,2026-04-28 11:18:56,TEMP,12.916399955749512
1137,2026-04-28 11:18:51,TEMP,12.916399955749512
1135,2026-04-28 11:18:45,TEMP,12.916399955749512
1133,2026-04-28 11:18:40,TEMP,12.916399955749512
1131,2026-04-28 11:18:35,TEMP,12.916399955749512
1129,2026-04-28 11:18:30,TEMP,12.916399955749512
1127,2026-04-28 11:18:25,TEMP,12.916399955749512
1125,2026-04-28 11:18:20,TEMP,12.916399955749512
1123,2026-04-28 11:18:15,TEMP,12.916399955749512
1121,2026-04-28 11:18:10,TEMP,12.916399955749512
1119,2026-04-28 11:18:05,TEMP,12.916399955749512
1117,2026-04-28 11:18:00,TEMP,12.916399955749512
1115,2026-04-28 11:17:55,TEMP,12.916399955749512
1113,2026-04-28 11:17:50,TEMP,12.916399955749512
1111,2026-04-28 11:17:45,TEMP,12.916399955749512
1109,2026-04-28 11:17:40,TEMP,12.916399955749512
1107,2026-04-28 11:17:34,TEMP,12.916399955749512
1105,2026-04-28 11:17:29,TEMP,12.916399955749512
1103,2026-04-28 11:17:24,TEMP,12.916399955749512
1101,2026-04-28 11:17:19,TEMP,12.916399955749512
1099,2026-04-28 11:17:14,TEMP,12.916399955749512
1097,2026-04-28 11:17:09,TEMP,12.916399955749512
1095,2026-04-28 11:17:04,TEMP,12.916399955749512
1093,2026-04-28 11:16:59,TEMP,12.916399955749512
1091,2026-04-28 11:16:54,TEMP,12.916399955749512
1089,2026-04-28 11:16:49,TEMP,12.916399955749512
1087,2026-04-28 11:16:44,TEMP,12.916399955749512
1085,2026-04-28 11:16:39,TEMP,12.916399955749512
1083,2026-04-28 11:16:34,TEMP,12.916399955749512
1081,2026-04-28 11:16:28,TEMP,12.916399955749512
1079,2026-04-28 11:16:23,TEMP,12.916399955749512
1077,2026-04-28 11:16:18,TEMP,12.916399955749512
1075,2026-04-28 11:16:13,TEMP,12.916399955749512
1073,2026-04-28 11:16:08,TEMP,12.916399955749512
1071,2026-04-28 11:16:03,TEMP,12.916399955749512
1069,2026-04-28 11:15:58,TEMP,12.916399955749512
1067,2026-04-28 11:15:53,TEMP,12.916399955749512
1065,2026-04-28 11:15:48,TEMP,12.916399955749512
1063,2026-04-28 11:15:43,TEMP,12.916399955749512
1061,2026-04-28 11:15:38,TEMP,12.916399955749512
1059,2026-04-28 11:15:33,TEMP,12.912449836730957
1057,2026-04-28 11:15:28,TEMP,12.912449836730957
1055,2026-04-28 11:15:23,TEMP,12.899999618530273
1053,2026-04-28 11:15:18,TEMP,12.5
1051,2026-04-28 11:15:13,TEMP,12.5
1049,2026-04-28 11:15:08,TEMP,0.0
1047,2026-04-28 11:15:02,TEMP,0.0
1045,2026-04-28 11:14:57,TEMP,0.0
1043,2026-04-28 11:14:52,TEMP,0.0
1041,2026-04-28 11:14:47,TEMP,0.0
1039,2026-04-28 11:14:42,TEMP,0.0
1037,2026-04-28 11:14:37,TEMP,0.0
1035,2026-04-28 11:14:32,TEMP,0.0
1033,2026-04-28 11:14:27,TEMP,0.0
1031,2026-04-28 11:14:22,TEMP,0.0
1029,2026-04-28 11:14:17,TEMP,0.0
1027,2026-04-28 11:14:12,TEMP,0.0
1025,2026-04-28 11:14:07,TEMP,0.0
1023,2026-04-28 11:14:02,TEMP,0.0
1021,2026-04-28 11:13:57,TEMP,0.0
1019,2026-04-28 11:13:52,TEMP,0.0
1017,2026-04-28 11:13:47,TEMP,0.0
1015,2026-04-28 11:13:42,TEMP,0.0
1013,2026-04-28 11:13:37,TEMP,0.0
1011,2026-04-28 11:12:45,TEMP,0.0
1009,2026-04-28 11:12:40,TEMP,0.0
1007,2026-04-28 11:12:25,TEMP,0.0
1005,2026-04-28 11:12:20,TEMP,0.0
1003,2026-04-28 11:12:15,TEMP,0.0
1001,2026-04-28 11:12:10,TEMP,0.0
999,2026-04-28 11:12:05,TEMP,0.0
997,2026-04-28 11:12:00,TEMP,0.0
995,2026-04-28 11:11:55,TEMP,0.0
993,2026-04-28 11:11:50,TEMP,0.0
991,2026-04-28 11:11:45,TEMP,0.0
989,2026-04-28 11:11:40,TEMP,0.0
987,2026-04-28 11:11:34,TEMP,0.0
985,2026-04-28 11:11:29,TEMP,0.0
983,2026-04-28 11:11:24,TEMP,0.0
981,2026-04-28 11:11:19,TEMP,0.0
979,2026-04-28 11:11:14,TEMP,0.0
977,2026-04-28 11:11:09,TEMP,0.0
975,2026-04-28 11:11:04,TEMP,0.0
973,2026-04-28 11:10:59,TEMP,0.0
971,2026-04-28 11:10:54,TEMP,0.0
969,2026-04-28 11:10:49,TEMP,0.0
967,2026-04-28 11:10:44,TEMP,0.0
965,2026-04-28 11:10:39,TEMP,0.0
963,2026-04-28 11:10:34,TEMP,0.0
961,2026-04-28 11:10:29,TEMP,0.0
959,2026-04-28 11:10:24,TEMP,0.0
957,2026-04-28 11:10:18,TEMP,0.0
955,2026-04-28 11:10:13,TEMP,0.0
953,2026-04-28 11:10:08,TEMP,0.0
951,2026-04-28 11:10:03,TEMP,0.0
949,2026-04-28 11:09:58,TEMP,0.0
947,2026-04-28 11:09:53,TEMP,0.0
945,2026-04-28 11:09:48,TEMP,0.0
943,2026-04-28 11:09:43,TEMP,0.0
941,2026-04-28 11:09:38,TEMP,0.0
939,2026-04-28 11:09:33,TEMP,0.0
937,2026-04-28 11:09:28,TEMP,0.0
935,2026-04-28 11:09:15,TEMP,0.0
933,2026-04-28 11:09:10,TEMP,0.0
931,2026-04-28 11:09:05,TEMP,0.0
929,2026-04-28 11:09:00,TEMP,0.0
927,2026-04-28 11:08:55,TEMP,0.0
925,2026-04-28 11:08:50,TEMP,0.0
923,2026-04-28 11:08:45,TEMP,0.0
921,2026-04-28 11:07:57,TEMP,0.0
919,2026-04-28 11:07:51,TEMP,0.0
917,2026-04-28 11:07:46,TEMP,0.0
915,2026-04-28 11:07:41,TEMP,0.0
913,2026-04-28 11:07:36,TEMP,0.0
911,2026-04-28 11:07:31,TEMP,0.0
909,2026-04-28 11:07:26,TEMP,0.0
907,2026-04-28 11:07:21,TEMP,0.0
905,2026-04-28 11:07:16,TEMP,0.0
903,2026-04-28 11:07:11,TEMP,0.0
901,2026-04-28 11:07:06,TEMP,0.0
899,2026-04-28 11:07:01,TEMP,0.0
897,2026-04-28 11:06:56,TEMP,0.0
895,2026-04-28 11:06:51,TEMP,0.0
893,2026-04-28 11:06:45,TEMP,0.0
891,2026-04-28 11:06:40,TEMP,0.0
889,2026-04-28 11:06:35,TEMP,0.0
887,2026-04-28 11:06:30,TEMP,0.0
885,2026-04-28 11:06:25,TEMP,0.0
883,2026-04-28 11:06:20,TEMP,0.0
881,2026-04-28 10:24:49,TEMP,0.0
879,2026-04-28 10:24:44,TEMP,0.0
877,2026-04-28 10:24:39,TEMP,0.0
875,2026-04-28 10:24:34,TEMP,0.0
873,2026-04-28 10:24:28,TEMP,0.0
871,2026-04-28 10:24:23,TEMP,0.0
869,2026-04-28 10:24:18,TEMP,0.0
867,2026-04-28 10:24:13,TEMP,0.0
865,2026-04-28 10:06:41,TEMP,0.0
863,2026-04-28 10:06:36,TEMP,0.0
861,2026-04-28 10:06:31,TEMP,0.0
859,2026-04-28 10:06:26,TEMP,0.0
857,2026-04-28 10:06:21,TEMP,0.0
855,2026-04-28 10:06:16,TEMP,0.0
853,2026-04-28 10:06:11,TEMP,0.0
851,2026-04-28 10:06:06,TEMP,0.0
849,2026-04-28 10:06:01,TEMP,0.0
847,2026-04-28 10:05:56,TEMP,0.0
845,2026-04-28 10:05:51,TEMP,0.0
843,2026-04-28 10:05:46,TEMP,0.0
841,2026-04-28 10:05:41,TEMP,0.0
839,2026-04-28 10:05:36,TEMP,0.0
837,2026-04-28 10:05:31,TEMP,0.0
835,2026-04-28 10:05:26,TEMP,0.0
833,2026-04-28 10:05:21,TEMP,0.0
831,2026-04-28 10:05:16,TEMP,0.0
829,2026-04-28 10:05:11,TEMP,0.0
827,2026-04-28 10:05:06,TEMP,0.0
825,2026-04-28 10:05:01,TEMP,0.0
823,2026-04-28 10:04:56,TEMP,0.0
821,2026-04-28 10:04:51,TEMP,0.0
819,2026-04-28 10:04:46,TEMP,0.0
817,2026-04-28 10:01:02,TEMP,0.0
815,2026-04-28 10:00:57,TEMP,0.0
813,2026-04-28 10:00:52,TEMP,0.0
811,2026-04-28 10:00:47,TEMP,0.0
809,2026-04-28 10:00:42,TEMP,0.0
807,2026-04-28 10:00:37,TEMP,0.0
805,2026-04-28 10:00:32,TEMP,0.0
803,2026-04-28 10:00:27,TEMP,0.0
801,2026-04-28 10:00:22,TEMP,0.0
799,2026-04-28 10:00:17,TEMP,0.0
797,2026-04-28 10:00:12,TEMP,0.0
795,2026-04-28 09:59:59,TEMP,0.0
793,2026-04-28 09:59:54,TEMP,0.0
791,2026-04-28 09:59:49,TEMP,0.0
789,2026-04-28 09:59:44,TEMP,0.0
787,2026-04-28 09:59:39,TEMP,0.0
785,2026-04-28 09:59:14,TEMP,0.0
783,2026-04-28 09:59:09,TEMP,0.0
781,2026-04-28 09:59:04,TEMP,0.0
779,2026-04-28 09:58:59,TEMP,0.0
777,2026-04-28 09:58:53,TEMP,0.0
775,2026-04-28 09:58:48,TEMP,0.0
773,2026-04-28 09:58:43,TEMP,0.0
771,2026-04-28 09:58:38,TEMP,0.0
769,2026-04-28 09:58:33,TEMP,0.0
767,2026-04-28 09:58:28,TEMP,0.0
765,2026-04-28 09:58:23,TEMP,0.0
763,2026-04-28 09:58:11,TEMP,0.0
761,2026-04-28 09:58:05,TEMP,0.0
759,2026-04-28 09:57:59,TEMP,0.0
757,2026-04-28 09:57:53,TEMP,0.0
755,2026-04-28 09:57:47,TEMP,0.0
753,2026-04-28 09:57:16,TEMP,0.0
751,2026-04-28 09:57:10,TEMP,0.0
749,2026-04-28 09:57:04,TEMP,0.0
747,2026-04-28 09:56:58,TEMP,0.0
745,2026-04-28 09:56:52,TEMP,0.0
743,2026-04-28 09:56:46,TEMP,0.0
741,2026-04-28 09:56:40,TEMP,0.0
739,2026-04-28 09:56:34,TEMP,0.0
737,2026-04-28 09:56:28,TEMP,0.0
735,2026-04-28 09:56:22,TEMP,0.0
733,2026-04-28 09:56:16,TEMP,0.0
731,2026-04-28 09:56:09,TEMP,0.0
729,2026-04-28 09:56:03,TEMP,0.0
727,2026-04-28 09:55:57,TEMP,0.0
725,2026-04-28 09:55:51,TEMP,0.0
723,2026-04-28 09:55:45,TEMP,0.0
721,2026-04-28 09:55:39,TEMP,0.0
719,2026-04-28 09:55:33,TEMP,0.0
717,2026-04-28 09:55:27,TEMP,0.0
715,2026-04-28 09:55:21,TEMP,0.0
713,2026-04-28 09:55:15,TEMP,0.0
711,2026-04-28 09:55:09,TEMP,0.0
709,2026-04-28 09:55:03,TEMP,0.0
707,2026-04-28 09:54:57,TEMP,0.0
705,2026-04-28 09:54:51,TEMP,0.0
703,2026-04-28 09:54:45,TEMP,0.0
701,2026-04-28 09:54:39,TEMP,0.0
699,2026-04-28 09:54:33,TEMP,0.0
697,2026-04-28 09:54:27,TEMP,0.0
695,2026-04-28 09:54:20,TEMP,0.0
693,2026-04-28 09:54:14,TEMP,0.0
691,2026-04-28 09:54:08,TEMP,0.0
689,2026-04-28 09:54:02,TEMP,0.0
687,2026-04-28 09:53:56,TEMP,0.0
685,2026-04-28 09:53:50,TEMP,0.0
683,2026-04-28 09:53:44,TEMP,0.0
681,2026-04-28 09:53:38,TEMP,0.0
679,2026-04-28 09:53:32,TEMP,0.0
677,2026-04-28 09:53:26,TEMP,0.0
675,2026-04-28 09:53:20,TEMP,0.0
673,2026-04-28 09:53:14,TEMP,0.0
671,2026-04-28 09:53:08,TEMP,0.0
669,2026-04-28 09:53:02,TEMP,0.0
667,2026-04-28 09:52:56,TEMP,0.0
665,2026-04-28 09:52:50,TEMP,0.0
663,2026-04-28 09:52:44,TEMP,0.0
661,2026-04-28 09:52:38,TEMP,0.0
659,2026-04-28 09:52:32,TEMP,0.0
657,2026-04-28 09:52:26,TEMP,0.0
655,2026-04-28 09:52:19,TEMP,0.0
653,2026-04-28 09:52:13,TEMP,0.0
651,2026-04-28 09:52:07,TEMP,0.0
649,2026-04-28 09:52:01,TEMP,0.0
647,2026-04-28 09:51:44,TEMP,0.0
645,2026-04-28 09:51:37,TEMP,0.0
643,2026-04-28 09:51:31,TEMP,0.0
641,2026-04-28 09:51:25,TEMP,0.0
639,2026-04-28 09:51:19,TEMP,0.0
637,2026-04-28 09:51:13,TEMP,0.0
635,2026-04-28 09:51:07,TEMP,0.0
633,2026-04-28 09:50:55,TEMP,0.0
631,2026-04-28 09:50:50,TEMP,0.0
629,2026-04-28 09:50:45,TEMP,0.0
627,2026-04-28 09:50:40,TEMP,0.0
625,2026-04-28 09:50:35,TEMP,0.0
623,2026-04-28 09:50:30,TEMP,0.0
621,2026-04-28 09:50:25,TEMP,0.0
619,2026-04-28 09:50:19,TEMP,0.0
617,2026-04-28 09:50:14,TEMP,0.0
615,2026-04-28 09:50:09,TEMP,0.0
613,2026-04-28 09:50:04,TEMP,0.0
611,2026-04-28 09:49:59,TEMP,0.0
609,2026-04-28 09:49:54,TEMP,0.0
607,2026-04-28 09:49:49,TEMP,0.0
605,2026-04-28 09:49:43,TEMP,0.0
603,2026-04-28 09:49:38,TEMP,0.0
601,2026-04-28 09:49:33,TEMP,0.0
599,2026-04-28 09:49:28,TEMP,0.0
597,2026-04-28 09:49:23,TEMP,0.0
595,2026-04-28 09:49:18,TEMP,0.0
593,2026-04-28 09:49:12,TEMP,0.0
591,2026-04-28 09:49:07,TEMP,0.0
589,2026-04-28 09:49:02,TEMP,0.0
587,2026-04-28 09:48:57,TEMP,0.0
585,2026-04-28 09:48:52,TEMP,0.0
583,2026-04-28 09:48:46,TEMP,0.0
581,2026-04-27 17:59:26,TEMP,0.0
579,2026-04-27 17:59:21,TEMP,0.0
577,2026-04-27 17:59:16,TEMP,0.0
575,2026-04-27 17:59:11,TEMP,0.0
573,2026-04-27 17:59:06,TEMP,0.0
571,2026-04-27 17:59:01,TEMP,0.0
569,2026-04-27 17:58:56,TEMP,0.0
567,2026-04-27 17:58:51,TEMP,0.0
565,2026-04-27 17:58:46,TEMP,0.0
563,2026-04-27 17:58:41,TEMP,0.0
561,2026-04-27 17:58:36,TEMP,0.0
559,2026-04-27 17:58:31,TEMP,0.0
557,2026-04-27 17:58:26,TEMP,0.0
555,2026-04-27 17:58:21,TEMP,0.0
553,2026-04-27 17:58:16,TEMP,0.0
551,2026-04-27 17:58:11,TEMP,0.0
549,2026-04-27 17:58:05,TEMP,0.0
547,2026-04-27 17:57:54,TEMP,0.0
545,2026-04-27 17:57:49,TEMP,0.0
543,2026-04-27 17:57:43,TEMP,0.0
541,2026-04-27 17:57:38,TEMP,0.0
539,2026-04-27 17:57:33,TEMP,0.0
537,2026-04-27 17:57:28,TEMP,0.0
535,2026-04-27 17:57:23,TEMP,0.0
533,2026-04-27 17:57:18,TEMP,0.0
531,2026-04-27 17:57:13,TEMP,0.0
529,2026-04-27 17:57:00,TEMP,0.0
527,2026-04-27 17:56:54,TEMP,0.0
525,2026-04-27 17:56:49,TEMP,0.0
523,2026-04-27 17:56:44,TEMP,0.0
521,2026-04-27 17:56:39,TEMP,0.0
519,2026-04-27 17:56:34,TEMP,0.0
517,2026-04-27 17:56:29,TEMP,0.0
515,2026-04-27 17:56:24,TEMP,0.0
513,2026-04-27 17:56:19,TEMP,0.0
511,2026-04-27 17:56:14,TEMP,0.0
509,2026-04-27 17:56:09,TEMP,0.0
507,2026-04-27 17:56:04,TEMP,0.0
505,2026-04-27 17:55:59,TEMP,0.0
503,2026-04-27 17:55:54,TEMP,0.0
501,2026-04-27 17:55:49,TEMP,0.0
499,2026-04-27 17:55:44,TEMP,0.0
497,2026-04-27 17:55:39,TEMP,0.0
495,2026-04-27 17:55:34,TEMP,0.0
493,2026-04-27 17:55:29,TEMP,0.0
491,2026-04-27 17:55:23,TEMP,0.0
489,2026-04-27 17:55:18,TEMP,0.0
487,2026-04-27 17:55:13,TEMP,0.0
485,2026-04-27 17:55:08,TEMP,0.0
483,2026-04-27 17:55:03,TEMP,0.0
481,2026-04-27 17:54:58,TEMP,0.0
479,2026-04-27 17:54:53,TEMP,0.0
477,2026-04-27 17:54:37,TEMP,0.0
475,2026-04-27 17:54:32,TEMP,0.0
473,2026-04-27 17:54:27,TEMP,0.0
471,2026-04-27 17:54:22,TEMP,0.0
469,2026-04-27 17:54:17,TEMP,0.0
467,2026-04-27 17:54:12,TEMP,0.0
465,2026-04-27 17:54:06,TEMP,0.0
463,2026-04-27 17:54:01,TEMP,0.0
461,2026-04-27 17:53:56,TEMP,0.0
459,2026-04-27 17:53:51,TEMP,0.0
457,2026-04-27 17:53:46,TEMP,0.0
455,2026-04-27 17:53:41,TEMP,0.0
453,2026-04-27 17:53:36,TEMP,0.0
451,2026-04-27 17:53:31,TEMP,0.0
449,2026-04-27 17:53:26,TEMP,0.0
447,2026-04-27 17:53:21,TEMP,0.0
445,2026-04-27 17:53:16,TEMP,0.0
443,2026-04-27 17:53:11,TEMP,0.0
441,2026-04-27 17:53:06,TEMP,0.0
439,2026-04-27 17:53:01,TEMP,0.0
437,2026-04-27 17:52:56,TEMP,0.0
435,2026-04-27 17:52:51,TEMP,0.0
433,2026-04-27 17:52:45,TEMP,0.0
431,2026-04-27 17:52:40,TEMP,0.0
429,2026-04-27 17:52:35,TEMP,0.0
427,2026-04-27 17:52:30,TEMP,0.0
425,2026-04-27 17:52:25,TEMP,0.0
423,2026-04-27 17:52:20,TEMP,0.0
421,2026-04-27 17:52:15,TEMP,0.0
419,2026-04-27 17:52:10,TEMP,0.0
417,2026-04-27 17:52:05,TEMP,0.0
415,2026-04-27 17:52:00,TEMP,0.0
413,2026-04-27 17:51:55,TEMP,0.0
411,2026-04-27 17:51:50,TEMP,0.0
409,2026-04-27 17:51:45,TEMP,0.0
407,2026-04-27 17:51:40,TEMP,0.0
405,2026-04-27 17:51:35,TEMP,0.0
403,2026-04-27 17:51:30,TEMP,0.0
401,2026-04-27 17:51:25,TEMP,0.0
399,2026-04-27 17:51:19,TEMP,0.0
397,2026-04-27 17:51:14,TEMP,0.0
395,2026-04-27 17:51:09,TEMP,0.0
393,2026-04-27 17:51:04,TEMP,0.0
391,2026-04-27 17:50:59,TEMP,0.0
389,2026-04-27 17:50:54,TEMP,0.0
387,2026-04-27 17:50:49,TEMP,0.0
385,2026-04-27 17:50:44,TEMP,0.0
383,2026-04-27 17:50:39,TEMP,0.0
381,2026-04-27 17:50:34,TEMP,0.0
379,2026-04-27 17:50:29,TEMP,0.0
377,2026-04-27 17:50:24,TEMP,0.0
375,2026-04-27 17:50:19,TEMP,0.0
373,2026-04-27 17:50:14,TEMP,0.0
371,2026-04-27 17:50:09,TEMP,0.0
369,2026-04-27 17:50:04,TEMP,0.0
367,2026-04-27 17:49:59,TEMP,0.0
365,2026-04-27 17:49:54,TEMP,0.0
363,2026-04-27 17:49:49,TEMP,0.0
361,2026-04-27 17:49:43,TEMP,0.0
359,2026-04-27 17:49:38,TEMP,0.0
357,2026-04-27 17:49:33,TEMP,0.0
355,2026-04-27 17:49:28,TEMP,0.0
353,2026-04-27 17:49:23,TEMP,0.0
351,2026-04-27 17:49:18,TEMP,0.0
349,2026-04-27 17:49:13,TEMP,0.0
347,2026-04-27 17:49:08,TEMP,0.0
345,2026-04-27 17:49:03,TEMP,0.0
343,2026-04-27 17:48:58,TEMP,0.0
341,2026-04-27 17:48:53,TEMP,0.0
339,2026-04-27 17:48:48,TEMP,0.0
337,2026-04-27 17:48:43,TEMP,0.0
335,2026-04-27 17:48:37,TEMP,0.0
333,2026-04-27 17:48:32,TEMP,0.0
331,2026-04-27 17:48:27,TEMP,0.0
329,2026-04-27 17:48:22,TEMP,0.0
327,2026-04-27 17:48:17,TEMP,0.0
325,2026-04-27 17:48:12,TEMP,0.0
323,2026-04-27 17:48:07,TEMP,0.0
321,2026-04-27 17:48:02,TEMP,0.0
319,2026-04-27 17:47:57,TEMP,0.0
317,2026-04-27 17:47:52,TEMP,0.0
315,2026-04-27 17:47:47,TEMP,0.0
313,2026-04-27 17:47:42,TEMP,0.0
311,2026-04-27 17:47:37,TEMP,0.0
309,2026-04-27 17:47:32,TEMP,0.0
307,2026-04-27 17:47:27,TEMP,0.0
305,2026-04-27 17:47:22,TEMP,0.0
303,2026-04-27 17:47:17,TEMP,0.0
301,2026-04-27 17:47:11,TEMP,0.0
299,2026-04-27 17:47:06,TEMP,0.0
297,2026-04-27 17:47:01,TEMP,0.0
295,2026-04-27 17:46:56,TEMP,0.0
293,2026-04-27 17:46:51,TEMP,0.0
291,2026-04-27 17:46:46,TEMP,0.0
289,2026-04-27 17:46:41,TEMP,0.0
287,2026-04-27 17:46:36,TEMP,0.0
285,2026-04-27 17:46:31,TEMP,0.0
283,2026-04-27 17:46:26,TEMP,0.0
281,2026-04-27 17:46:21,TEMP,0.0
279,2026-04-27 17:46:16,TEMP,0.0
277,2026-04-27 17:46:11,TEMP,0.0
275,2026-04-27 17:46:06,TEMP,0.0
273,2026-04-27 17:46:01,TEMP,0.0
271,2026-04-27 17:45:56,TEMP,0.0
269,2026-04-27 17:45:51,TEMP,0.0
267,2026-04-27 17:45:46,TEMP,0.0
265,2026-04-27 17:45:40,TEMP,0.0
263,2026-04-27 17:45:35,TEMP,0.0
261,2026-04-27 17:45:30,TEMP,0.0
259,2026-04-27 17:45:25,TEMP,0.0
257,2026-04-27 17:45:20,TEMP,0.0
255,2026-04-27 17:45:15,TEMP,0.0
253,2026-04-27 17:45:10,TEMP,0.0
251,2026-04-27 16:52:01,TEMP,0.0
249,2026-04-27 16:51:56,TEMP,0.0
247,2026-04-27 16:51:51,TEMP,0.0
245,2026-04-27 16:50:28,TEMP,0.0
243,2026-04-16 17:51:16,TEMP,0.0
241,2026-04-16 17:51:11,TEMP,0.0
239,2026-04-16 17:51:06,TEMP,0.0
237,2026-04-16 17:51:01,TEMP,0.0
235,2026-04-16 17:50:56,TEMP,0.0
233,2026-04-16 17:50:51,TEMP,0.0
231,2026-04-16 17:50:46,TEMP,0.0
229,2026-04-16 17:50:40,TEMP,0.0
227,2026-04-16 17:50:35,TEMP,0.0
225,2026-04-16 17:50:30,TEMP,0.0
223,2026-04-16 17:50:25,TEMP,0.0
221,2026-04-16 17:50:20,TEMP,0.0
219,2026-04-16 17:50:15,TEMP,0.0
217,2026-04-16 17:50:09,TEMP,0.0
215,2026-04-16 17:50:04,TEMP,0.0
213,2026-04-16 17:49:59,TEMP,0.0
211,2026-04-16 17:49:54,TEMP,0.0
209,2026-04-16 17:49:49,TEMP,0.0
207,2026-04-16 17:49:44,TEMP,0.0
205,2026-04-16 17:49:38,TEMP,0.0
203,2026-04-16 17:49:33,TEMP,0.0
201,2026-04-16 17:49:28,TEMP,0.0
199,2026-04-16 17:49:23,TEMP,0.0
197,2026-04-16 17:49:18,TEMP,0.0
195,2026-04-16 17:49:13,TEMP,0.0
193,2026-04-16 17:49:08,TEMP,0.0
191,2026-04-16 17:49:03,TEMP,0.0
189,2026-04-16 17:48:57,TEMP,0.0
187,2026-04-16 17:48:52,TEMP,0.0
185,2026-04-16 17:48:47,TEMP,0.0
183,2026-04-16 17:48:42,TEMP,0.0
181,2026-04-16 17:48:37,TEMP,0.0
179,2026-04-16 17:48:32,TEMP,0.0
177,2026-04-16 17:48:27,TEMP,0.0
175,2026-04-16 17:48:21,TEMP,0.0
173,2026-04-16 17:48:16,TEMP,0.0
171,2026-04-16 17:48:11,TEMP,0.0
169,2026-04-16 17:48:06,TEMP,0.0
167,2026-04-16 17:48:01,TEMP,0.0
165,2026-04-16 17:47:56,TEMP,0.0
163,2026-04-16 17:47:50,TEMP,0.0
161,2026-04-16 17:47:45,TEMP,0.0
159,2026-04-16 17:47:40,TEMP,0.0
157,2026-04-16 17:47:35,TEMP,0.0
155,2026-04-16 17:47:30,TEMP,0.0
153,2026-04-16 17:47:25,TEMP,0.0
151,2026-04-16 17:47:20,TEMP,0.0
149,2026-04-16 17:47:14,TEMP,0.0
147,2026-04-16 17:47:09,TEMP,0.0
145,2026-04-16 17:47:04,TEMP,0.0
143,2026-04-16 17:46:59,TEMP,0.0
141,2026-04-16 17:46:54,TEMP,0.0
139,2026-04-16 17:46:49,TEMP,0.0
137,2026-04-16 17:46:44,TEMP,0.0
135,2026-04-16 17:46:38,TEMP,0.0
133,2026-04-16 17:46:33,TEMP,0.0
131,2026-04-16 17:46:28,TEMP,0.0
129,2026-04-16 17:46:23,TEMP,0.0
127,2026-04-16 17:46:18,TEMP,0.0
125,2026-04-16 17:46:13,TEMP,0.0
123,2026-04-16 17:45:35,TEMP,0.0
121,2026-04-16 17:45:30,TEMP,0.0
119,2026-04-16 17:45:25,TEMP,0.0
117,2026-04-16 17:45:19,TEMP,0.0
115,2026-04-16 17:45:14,TEMP,0.0
113,2026-04-16 17:45:09,TEMP,0.0
111,2026-04-16 17:45:04,TEMP,0.0
109,2026-04-16 17:44:59,TEMP,0.0
107,2026-04-16 17:44:54,TEMP,0.0
105,2026-04-16 17:44:49,TEMP,0.0
103,2026-04-16 17:44:32,TEMP,0.0
101,2026-04-16 17:44:27,TEMP,0.0
99,2026-04-16 17:44:22,TEMP,0.0
97,2026-04-16 17:44:17,TEMP,0.0
95,2026-04-16 17:44:11,TEMP,0.0
93,2026-04-16 17:44:06,TEMP,0.0
91,2026-04-16 17:44:01,TEMP,0.0
89,2026-04-16 17:43:56,TEMP,0.0
87,2026-04-11 17:59:29,TEMP,0.0
85,2026-04-11 17:59:24,TEMP,0.0
83,2026-04-11 17:59:19,TEMP,0.0
81,2026-04-11 17:59:14,TEMP,0.0
79,2026-04-11 17:59:09,TEMP,0.0
77,2026-04-11 17:59:04,TEMP,0.0
75,2026-04-11 17:58:59,TEMP,0.0
73,2026-04-11 17:58:53,TEMP,0.0
71,2026-04-11 17:58:48,TEMP,0.0
69,2026-04-11 17:58:43,TEMP,0.0
67,2026-04-11 17:58:38,TEMP,0.0
65,2026-04-11 17:58:33,TEMP,0.0
63,2026-04-11 17:58:15,TEMP,0.0
61,2026-04-11 17:58:10,TEMP,0.0
59,2026-04-11 17:58:05,TEMP,0.0
57,2026-04-11 17:58:00,TEMP,0.0
55,2026-04-11 17:57:55,TEMP,0.0
53,2026-04-11 17:57:50,TEMP,0.0
51,2026-04-11 17:57:45,TEMP,0.0
49,2026-04-11 17:57:40,TEMP,0.0
47,2026-04-11 17:57:35,TEMP,0.0
45,2026-04-11 17:57:30,TEMP,0.0
43,2026-04-11 17:57:25,TEMP,0.0
41,2026-04-11 17:57:20,TEMP,0.0
39,2026-04-11 17:57:15,TEMP,0.0
37,2026-04-11 17:57:10,TEMP,0.0
35,2026-04-11 17:57:05,TEMP,0.0
33,2026-04-11 17:57:00,TEMP,0.0
31,2026-04-11 17:56:55,TEMP,0.0
29,2026-04-11 17:56:50,TEMP,0.0
27,2026-04-11 17:56:45,TEMP,0.0
25,2026-04-11 17:56:40,TEMP,0.0
23,2026-04-11 17:56:35,TEMP,0.0
21,2026-04-11 17:56:30,TEMP,0.0
19,2026-04-11 17:56:25,TEMP,0.0
17,2026-04-11 17:56:20,TEMP,0.0
15,2026-04-11 17:56:15,TEMP,0.0
13,2026-04-11 17:56:07,TEMP,0.0
11,2026-04-11 17:56:02,TEMP,0.0
9,2026-04-11 17:55:57,TEMP,0.0
7,2026-04-11 17:55:52,TEMP,0.0
5,2026-04-11 17:55:47,TEMP,0.0
3,2026-04-11 17:55:42,TEMP,0.0
1,2026-04-11 17:55:37,TEMP,0.0
